,created_at,sentiment,text,Time,New_Time,open,high,low,close,volume
0,2017-11-11 07:57:54,neutral,"RT @kmlshdbh: @OfficeOfRG criticizing Government for TaTa Motors plant saying he doesn't see any car, He is unaware from the #Fact that TaT…",06:00:00,08:00:00,436.35,437.75,435.5,437.6,518671.0
1,2017-11-11 07:57:54,neutral,"RT @kmlshdbh: @OfficeOfRG criticizing Government for TaTa Motors plant saying he doesn't see any car, He is unaware from the #Fact that TaT…",06:00:00,08:00:00,428.45,429.0,427.35,428.4,951940.0
2,2017-11-11 07:57:54,neutral,"RT @kmlshdbh: @OfficeOfRG criticizing Government for TaTa Motors plant saying he doesn't see any car, He is unaware from the #Fact that TaT…",06:00:00,08:00:00,437.8,438.05,437.05,437.2,844219.0
3,2017-11-11 07:57:54,neutral,"RT @kmlshdbh: @OfficeOfRG criticizing Government for TaTa Motors plant saying he doesn't see any car, He is unaware from the #Fact that TaT…",06:00:00,08:00:00,433.75,436.55,433.7,435.5,594271.0
4,2017-11-11 07:57:54,neutral,"RT @kmlshdbh: @OfficeOfRG criticizing Government for TaTa Motors plant saying he doesn't see any car, He is unaware from the #Fact that TaT…",06:00:00,08:00:00,446.6,449.2,446.5,448.5,1413990.0
5,2017-11-11 07:57:44,negative,@deepandevraj Hi sorry to intrude but planning on buying Tiago from Fortune Nerul and the handling charges of Rs.6.… https://t.co/zpUtBGUBCM,06:00:00,08:00:00,436.35,437.75,435.5,437.6,518671.0
6,2017-11-11 07:57:44,negative,@deepandevraj Hi sorry to intrude but planning on buying Tiago from Fortune Nerul and the handling charges of Rs.6.… https://t.co/zpUtBGUBCM,06:00:00,08:00:00,428.45,429.0,427.35,428.4,951940.0
7,2017-11-11 07:57:44,negative,@deepandevraj Hi sorry to intrude but planning on buying Tiago from Fortune Nerul and the handling charges of Rs.6.… https://t.co/zpUtBGUBCM,06:00:00,08:00:00,437.8,438.05,437.05,437.2,844219.0
8,2017-11-11 07:57:44,negative,@deepandevraj Hi sorry to intrude but planning on buying Tiago from Fortune Nerul and the handling charges of Rs.6.… https://t.co/zpUtBGUBCM,06:00:00,08:00:00,433.75,436.55,433.7,435.5,594271.0
9,2017-11-11 07:57:44,negative,@deepandevraj Hi sorry to intrude but planning on buying Tiago from Fortune Nerul and the handling charges of Rs.6.… https://t.co/zpUtBGUBCM,06:00:00,08:00:00,446.6,449.2,446.5,448.5,1413990.0
10,2017-11-11 07:54:01,neutral,"Trading Calls: Buy Adani Enterprise, Tata Motors, Wipro, M&amp;M, Say Experts https://t.co/0zxVsF02sn https://t.co/tVSsZ2GIP5",06:00:00,08:00:00,436.35,437.75,435.5,437.6,518671.0
11,2017-11-11 07:54:01,neutral,"Trading Calls: Buy Adani Enterprise, Tata Motors, Wipro, M&amp;M, Say Experts https://t.co/0zxVsF02sn https://t.co/tVSsZ2GIP5",06:00:00,08:00:00,428.45,429.0,427.35,428.4,951940.0
12,2017-11-11 07:54:01,neutral,"Trading Calls: Buy Adani Enterprise, Tata Motors, Wipro, M&amp;M, Say Experts https://t.co/0zxVsF02sn https://t.co/tVSsZ2GIP5",06:00:00,08:00:00,437.8,438.05,437.05,437.2,844219.0
13,2017-11-11 07:54:01,neutral,"Trading Calls: Buy Adani Enterprise, Tata Motors, Wipro, M&amp;M, Say Experts https://t.co/0zxVsF02sn https://t.co/tVSsZ2GIP5",06:00:00,08:00:00,433.75,436.55,433.7,435.5,594271.0
14,2017-11-11 07:54:01,neutral,"Trading Calls: Buy Adani Enterprise, Tata Motors, Wipro, M&amp;M, Say Experts https://t.co/0zxVsF02sn https://t.co/tVSsZ2GIP5",06:00:00,08:00:00,446.6,449.2,446.5,448.5,1413990.0
15,2017-11-11 07:31:02,positive,Tata Tigor test drive available in Kumaran automobiles #nagercoil #marthandam kanyakumari Call 9488775399… https://t.co/o48atLdupz,05:45:00,07:45:00,438.3,438.5,435.8,436.4,439834.0
16,2017-11-11 07:31:02,positive,Tata Tigor test drive available in Kumaran automobiles #nagercoil #marthandam kanyakumari Call 9488775399… https://t.co/o48atLdupz,05:45:00,07:45:00,430.3,430.4,428.0,428.45,725917.0
17,2017-11-11 07:31:02,positive,Tata Tigor test drive available in Kumaran automobiles #nagercoil #marthandam kanyakumari Call 9488775399… https://t.co/o48atLdupz,05:45:00,07:45:00,438.65,439.1,437.25,437.8,472426.0
18,2017-11-11 07:31:02,positive,Tata Tigor test drive available in Kumaran automobiles #nagercoil #marthandam kanyakumari Call 9488775399… https://t.co/o48atLdupz,05:45:00,07:45:00,435.45,435.5,433.5,433.5,313977.0
19,2017-11-11 07:31:02,positive,Tata Tigor test drive available in Kumaran automobiles #nagercoil #marthandam kanyakumari Call 9488775399… https://t.co/o48atLdupz,05:45:00,07:45:00,446.5,448.3,445.1,446.75,1539390.0
20,2017-11-11 07:25:19,neutral,"Tata Motors Group global wholesales at 1,03,761 in October 2017 https://t.co/UJPFhbzdw8",05:30:00,07:30:00,439.3,439.35,437.65,438.3,368568.0
21,2017-11-11 07:25:19,neutral,"Tata Motors Group global wholesales at 1,03,761 in October 2017 https://t.co/UJPFhbzdw8",05:30:00,07:30:00,430.95,431.4,430.15,430.3,182648.0
22,2017-11-11 07:25:19,neutral,"Tata Motors Group global wholesales at 1,03,761 in October 2017 https://t.co/UJPFhbzdw8",05:30:00,07:30:00,437.3,439.5,437.3,438.45,299780.0
23,2017-11-11 07:25:19,neutral,"Tata Motors Group global wholesales at 1,03,761 in October 2017 https://t.co/UJPFhbzdw8",05:30:00,07:30:00,436.05,436.35,434.25,435.45,194795.0
24,2017-11-11 07:25:19,neutral,"Tata Motors Group global wholesales at 1,03,761 in October 2017 https://t.co/UJPFhbzdw8",05:30:00,07:30:00,439.85,446.7,439.45,446.5,1364606.0
25,2017-11-11 07:05:13,positive,"@SanaSecurities @gadgetsnow sir, why tata motors don't ask their subsidiary JLR to make a good electric car for Ind… https://t.co/qhJGerSceO",05:15:00,07:15:00,440.5,440.9,439.25,439.25,463754.0
26,2017-11-11 07:05:13,positive,"@SanaSecurities @gadgetsnow sir, why tata motors don't ask their subsidiary JLR to make a good electric car for Ind… https://t.co/qhJGerSceO",05:15:00,07:15:00,429.3,431.0,429.25,430.9,192798.0
27,2017-11-11 07:05:13,positive,"@SanaSecurities @gadgetsnow sir, why tata motors don't ask their subsidiary JLR to make a good electric car for Ind… https://t.co/qhJGerSceO",05:15:00,07:15:00,437.55,437.85,436.05,437.3,205448.0
28,2017-11-11 07:05:13,positive,"@SanaSecurities @gadgetsnow sir, why tata motors don't ask their subsidiary JLR to make a good electric car for Ind… https://t.co/qhJGerSceO",05:15:00,07:15:00,438.15,438.4,435.6,436.05,167495.0
29,2017-11-11 07:05:13,positive,"@SanaSecurities @gadgetsnow sir, why tata motors don't ask their subsidiary JLR to make a good electric car for Ind… https://t.co/qhJGerSceO",05:15:00,07:15:00,439.25,440.0,438.8,439.8,207857.0
30,2017-11-11 07:01:32,neutral,Tata Motors bullish over selling electric cars - Gadgets Now https://t.co/Df7pLrb4Lf via @gadgetsnow,05:15:00,07:15:00,440.5,440.9,439.25,439.25,463754.0
31,2017-11-11 07:01:32,neutral,Tata Motors bullish over selling electric cars - Gadgets Now https://t.co/Df7pLrb4Lf via @gadgetsnow,05:15:00,07:15:00,429.3,431.0,429.25,430.9,192798.0
32,2017-11-11 07:01:32,neutral,Tata Motors bullish over selling electric cars - Gadgets Now https://t.co/Df7pLrb4Lf via @gadgetsnow,05:15:00,07:15:00,437.55,437.85,436.05,437.3,205448.0
33,2017-11-11 07:01:32,neutral,Tata Motors bullish over selling electric cars - Gadgets Now https://t.co/Df7pLrb4Lf via @gadgetsnow,05:15:00,07:15:00,438.15,438.4,435.6,436.05,167495.0
34,2017-11-11 07:01:32,neutral,Tata Motors bullish over selling electric cars - Gadgets Now https://t.co/Df7pLrb4Lf via @gadgetsnow,05:15:00,07:15:00,439.25,440.0,438.8,439.8,207857.0
35,2017-11-11 06:53:27,negative,@contrarianEPS CLSA 8 out of 10 calls turn out be wrong. They gave Sell call for Sunpharma (Target - 395). Same wit… https://t.co/cSDNvOpJ0I,05:00:00,07:00:00,440.25,440.9,440.0,440.3,170044.0
36,2017-11-11 06:53:27,negative,@contrarianEPS CLSA 8 out of 10 calls turn out be wrong. They gave Sell call for Sunpharma (Target - 395). Same wit… https://t.co/cSDNvOpJ0I,05:00:00,07:00:00,430.1,430.6,429.1,429.1,98482.0
37,2017-11-11 06:53:27,negative,@contrarianEPS CLSA 8 out of 10 calls turn out be wrong. They gave Sell call for Sunpharma (Target - 395). Same wit… https://t.co/cSDNvOpJ0I,05:00:00,07:00:00,438.45,438.5,437.0,437.45,158044.0
38,2017-11-11 06:53:27,negative,@contrarianEPS CLSA 8 out of 10 calls turn out be wrong. They gave Sell call for Sunpharma (Target - 395). Same wit… https://t.co/cSDNvOpJ0I,05:00:00,07:00:00,438.15,439.35,437.5,438.15,152784.0
39,2017-11-11 06:53:27,negative,@contrarianEPS CLSA 8 out of 10 calls turn out be wrong. They gave Sell call for Sunpharma (Target - 395). Same wit… https://t.co/cSDNvOpJ0I,05:00:00,07:00:00,438.1,440.5,438.0,439.25,455754.0
40,2017-11-11 06:53:27,negative,@contrarianEPS CLSA 8 out of 10 calls turn out be wrong. They gave Sell call for Sunpharma (Target - 395). Same wit… https://t.co/cSDNvOpJ0I,05:00:00,07:00:00,464.0,465.15,457.55,457.9,2066548.0
41,2017-11-11 06:53:27,negative,@contrarianEPS CLSA 8 out of 10 calls turn out be wrong. They gave Sell call for Sunpharma (Target - 395). Same wit… https://t.co/cSDNvOpJ0I,05:00:00,07:00:00,451.55,453.0,450.1,451.7,1309382.0
42,2017-11-11 06:53:27,negative,@contrarianEPS CLSA 8 out of 10 calls turn out be wrong. They gave Sell call for Sunpharma (Target - 395). Same wit… https://t.co/cSDNvOpJ0I,05:00:00,07:00:00,438.1,443.0,437.1,440.5,1130349.0
43,2017-11-11 06:53:27,negative,@contrarianEPS CLSA 8 out of 10 calls turn out be wrong. They gave Sell call for Sunpharma (Target - 395). Same wit… https://t.co/cSDNvOpJ0I,05:00:00,07:00:00,439.5,441.0,438.25,440.35,2205773.0
44,2017-11-11 06:53:27,negative,@contrarianEPS CLSA 8 out of 10 calls turn out be wrong. They gave Sell call for Sunpharma (Target - 395). Same wit… https://t.co/cSDNvOpJ0I,05:00:00,07:00:00,423.75,423.95,420.25,421.55,1875222.0
45,2017-11-11 06:53:23,neutral,Tata motors Bob cap https://t.co/x6u3giW5P4,05:00:00,07:00:00,440.25,440.9,440.0,440.3,170044.0
46,2017-11-11 06:53:23,neutral,Tata motors Bob cap https://t.co/x6u3giW5P4,05:00:00,07:00:00,430.1,430.6,429.1,429.1,98482.0
47,2017-11-11 06:53:23,neutral,Tata motors Bob cap https://t.co/x6u3giW5P4,05:00:00,07:00:00,438.45,438.5,437.0,437.45,158044.0
48,2017-11-11 06:53:23,neutral,Tata motors Bob cap https://t.co/x6u3giW5P4,05:00:00,07:00:00,438.15,439.35,437.5,438.15,152784.0
49,2017-11-11 06:53:23,neutral,Tata motors Bob cap https://t.co/x6u3giW5P4,05:00:00,07:00:00,438.1,440.5,438.0,439.25,455754.0
50,2017-11-11 06:53:23,neutral,Tata motors Bob cap https://t.co/x6u3giW5P4,05:00:00,07:00:00,464.0,465.15,457.55,457.9,2066548.0
51,2017-11-11 06:53:23,neutral,Tata motors Bob cap https://t.co/x6u3giW5P4,05:00:00,07:00:00,451.55,453.0,450.1,451.7,1309382.0
52,2017-11-11 06:53:23,neutral,Tata motors Bob cap https://t.co/x6u3giW5P4,05:00:00,07:00:00,438.1,443.0,437.1,440.5,1130349.0
53,2017-11-11 06:53:23,neutral,Tata motors Bob cap https://t.co/x6u3giW5P4,05:00:00,07:00:00,439.5,441.0,438.25,440.35,2205773.0
54,2017-11-11 06:53:23,neutral,Tata motors Bob cap https://t.co/x6u3giW5P4,05:00:00,07:00:00,423.75,423.95,420.25,421.55,1875222.0
55,2017-11-11 06:32:12,negative,"Tata Motors to double Nexon output, bring down waiting period

https://t.co/nksGm85cWC",04:45:00,06:45:00,439.15,440.9,438.8,440.1,391250.0
56,2017-11-11 06:32:12,negative,"Tata Motors to double Nexon output, bring down waiting period

https://t.co/nksGm85cWC",04:45:00,06:45:00,430.05,430.7,429.4,430.1,102671.0
57,2017-11-11 06:32:12,negative,"Tata Motors to double Nexon output, bring down waiting period

https://t.co/nksGm85cWC",04:45:00,06:45:00,438.2,438.5,437.5,438.5,176955.0
58,2017-11-11 06:32:12,negative,"Tata Motors to double Nexon output, bring down waiting period

https://t.co/nksGm85cWC",04:45:00,06:45:00,438.2,438.85,437.15,438.25,138163.0
59,2017-11-11 06:32:12,negative,"Tata Motors to double Nexon output, bring down waiting period

https://t.co/nksGm85cWC",04:45:00,06:45:00,437.85,438.5,437.55,438.0,138523.0
60,2017-11-11 06:32:12,negative,"Tata Motors to double Nexon output, bring down waiting period

https://t.co/nksGm85cWC",04:45:00,06:45:00,465.5,466.0,463.7,464.0,1643246.0
61,2017-11-11 06:32:12,negative,"Tata Motors to double Nexon output, bring down waiting period

https://t.co/nksGm85cWC",04:45:00,06:45:00,456.55,456.55,450.1,451.35,1216725.0
62,2017-11-11 06:32:12,negative,"Tata Motors to double Nexon output, bring down waiting period

https://t.co/nksGm85cWC",04:45:00,06:45:00,435.45,438.1,435.05,438.1,823546.0
63,2017-11-11 06:32:12,negative,"Tata Motors to double Nexon output, bring down waiting period

https://t.co/nksGm85cWC",04:45:00,06:45:00,439.6,441.95,439.15,439.5,1393276.0
64,2017-11-11 06:32:12,negative,"Tata Motors to double Nexon output, bring down waiting period

https://t.co/nksGm85cWC",04:45:00,06:45:00,421.35,423.95,421.05,423.7,1218778.0
65,2017-11-11 06:30:00,positive,The only thing keeping Tata Motors alive and kicking is its British acquisition https://t.co/n1P9N8P5UK https://t.co/ObTIxBKHCh,04:30:00,06:30:00,439.3,439.65,438.75,438.9,153182.0
66,2017-11-11 06:30:00,positive,The only thing keeping Tata Motors alive and kicking is its British acquisition https://t.co/n1P9N8P5UK https://t.co/ObTIxBKHCh,04:30:00,06:30:00,430.0,430.45,429.3,430.0,89027.0
67,2017-11-11 06:30:00,positive,The only thing keeping Tata Motors alive and kicking is its British acquisition https://t.co/n1P9N8P5UK https://t.co/ObTIxBKHCh,04:30:00,06:30:00,437.25,438.5,436.65,438.2,369599.0
68,2017-11-11 06:30:00,positive,The only thing keeping Tata Motors alive and kicking is its British acquisition https://t.co/n1P9N8P5UK https://t.co/ObTIxBKHCh,04:30:00,06:30:00,436.7,438.4,436.7,438.2,101921.0
69,2017-11-11 06:30:00,positive,The only thing keeping Tata Motors alive and kicking is its British acquisition https://t.co/n1P9N8P5UK https://t.co/ObTIxBKHCh,04:30:00,06:30:00,437.0,438.0,436.95,437.9,86590.0
70,2017-11-11 06:30:00,positive,The only thing keeping Tata Motors alive and kicking is its British acquisition https://t.co/n1P9N8P5UK https://t.co/ObTIxBKHCh,04:30:00,06:30:00,465.45,468.0,465.1,465.45,1436876.0
71,2017-11-11 06:30:00,positive,The only thing keeping Tata Motors alive and kicking is its British acquisition https://t.co/n1P9N8P5UK https://t.co/ObTIxBKHCh,04:30:00,06:30:00,454.95,456.8,454.65,456.55,503925.0
72,2017-11-11 06:30:00,positive,The only thing keeping Tata Motors alive and kicking is its British acquisition https://t.co/n1P9N8P5UK https://t.co/ObTIxBKHCh,04:30:00,06:30:00,432.3,436.2,432.05,435.4,766498.0
73,2017-11-11 06:30:00,positive,The only thing keeping Tata Motors alive and kicking is its British acquisition https://t.co/n1P9N8P5UK https://t.co/ObTIxBKHCh,04:30:00,06:30:00,439.4,441.3,439.0,439.75,1003840.0
74,2017-11-11 06:30:00,positive,The only thing keeping Tata Motors alive and kicking is its British acquisition https://t.co/n1P9N8P5UK https://t.co/ObTIxBKHCh,04:30:00,06:30:00,422.1,422.15,420.15,421.3,784156.0
75,2017-11-11 06:22:40,neutral,"After Hours: SBI, JustDial, Tata Motors among the buzzing stocks
 https://t.co/39lb9wAKje",04:30:00,06:30:00,439.3,439.65,438.75,438.9,153182.0
76,2017-11-11 06:22:40,neutral,"After Hours: SBI, JustDial, Tata Motors among the buzzing stocks
 https://t.co/39lb9wAKje",04:30:00,06:30:00,430.0,430.45,429.3,430.0,89027.0
77,2017-11-11 06:22:40,neutral,"After Hours: SBI, JustDial, Tata Motors among the buzzing stocks
 https://t.co/39lb9wAKje",04:30:00,06:30:00,437.25,438.5,436.65,438.2,369599.0
78,2017-11-11 06:22:40,neutral,"After Hours: SBI, JustDial, Tata Motors among the buzzing stocks
 https://t.co/39lb9wAKje",04:30:00,06:30:00,436.7,438.4,436.7,438.2,101921.0
79,2017-11-11 06:22:40,neutral,"After Hours: SBI, JustDial, Tata Motors among the buzzing stocks
 https://t.co/39lb9wAKje",04:30:00,06:30:00,437.0,438.0,436.95,437.9,86590.0
80,2017-11-11 06:22:40,neutral,"After Hours: SBI, JustDial, Tata Motors among the buzzing stocks
 https://t.co/39lb9wAKje",04:30:00,06:30:00,465.45,468.0,465.1,465.45,1436876.0
81,2017-11-11 06:22:40,neutral,"After Hours: SBI, JustDial, Tata Motors among the buzzing stocks
 https://t.co/39lb9wAKje",04:30:00,06:30:00,454.95,456.8,454.65,456.55,503925.0
82,2017-11-11 06:22:40,neutral,"After Hours: SBI, JustDial, Tata Motors among the buzzing stocks
 https://t.co/39lb9wAKje",04:30:00,06:30:00,432.3,436.2,432.05,435.4,766498.0
83,2017-11-11 06:22:40,neutral,"After Hours: SBI, JustDial, Tata Motors among the buzzing stocks
 https://t.co/39lb9wAKje",04:30:00,06:30:00,439.4,441.3,439.0,439.75,1003840.0
84,2017-11-11 06:22:40,neutral,"After Hours: SBI, JustDial, Tata Motors among the buzzing stocks
 https://t.co/39lb9wAKje",04:30:00,06:30:00,422.1,422.15,420.15,421.3,784156.0
85,2017-11-11 06:22:28,neutral,RT @CNBCTV18News: Here is how ace investor Rakesh Jhunjhunwala quizzed the Tata Motors mgmt in their Q2 Conference Call @JhunJhunwala_R @Na…,04:30:00,06:30:00,439.3,439.65,438.75,438.9,153182.0
86,2017-11-11 06:22:28,neutral,RT @CNBCTV18News: Here is how ace investor Rakesh Jhunjhunwala quizzed the Tata Motors mgmt in their Q2 Conference Call @JhunJhunwala_R @Na…,04:30:00,06:30:00,430.0,430.45,429.3,430.0,89027.0
87,2017-11-11 06:22:28,neutral,RT @CNBCTV18News: Here is how ace investor Rakesh Jhunjhunwala quizzed the Tata Motors mgmt in their Q2 Conference Call @JhunJhunwala_R @Na…,04:30:00,06:30:00,437.25,438.5,436.65,438.2,369599.0
88,2017-11-11 06:22:28,neutral,RT @CNBCTV18News: Here is how ace investor Rakesh Jhunjhunwala quizzed the Tata Motors mgmt in their Q2 Conference Call @JhunJhunwala_R @Na…,04:30:00,06:30:00,436.7,438.4,436.7,438.2,101921.0
89,2017-11-11 06:22:28,neutral,RT @CNBCTV18News: Here is how ace investor Rakesh Jhunjhunwala quizzed the Tata Motors mgmt in their Q2 Conference Call @JhunJhunwala_R @Na…,04:30:00,06:30:00,437.0,438.0,436.95,437.9,86590.0
90,2017-11-11 06:22:28,neutral,RT @CNBCTV18News: Here is how ace investor Rakesh Jhunjhunwala quizzed the Tata Motors mgmt in their Q2 Conference Call @JhunJhunwala_R @Na…,04:30:00,06:30:00,465.45,468.0,465.1,465.45,1436876.0
91,2017-11-11 06:22:28,neutral,RT @CNBCTV18News: Here is how ace investor Rakesh Jhunjhunwala quizzed the Tata Motors mgmt in their Q2 Conference Call @JhunJhunwala_R @Na…,04:30:00,06:30:00,454.95,456.8,454.65,456.55,503925.0
92,2017-11-11 06:22:28,neutral,RT @CNBCTV18News: Here is how ace investor Rakesh Jhunjhunwala quizzed the Tata Motors mgmt in their Q2 Conference Call @JhunJhunwala_R @Na…,04:30:00,06:30:00,432.3,436.2,432.05,435.4,766498.0
93,2017-11-11 06:22:28,neutral,RT @CNBCTV18News: Here is how ace investor Rakesh Jhunjhunwala quizzed the Tata Motors mgmt in their Q2 Conference Call @JhunJhunwala_R @Na…,04:30:00,06:30:00,439.4,441.3,439.0,439.75,1003840.0
94,2017-11-11 06:22:28,neutral,RT @CNBCTV18News: Here is how ace investor Rakesh Jhunjhunwala quizzed the Tata Motors mgmt in their Q2 Conference Call @JhunJhunwala_R @Na…,04:30:00,06:30:00,422.1,422.15,420.15,421.3,784156.0
95,2017-11-11 06:21:54,positive,"Sahabat Tata di Lampung, yuk merapat ke Dealer Tata Motors Lampung, Launching Tata Super Ace HT yg jagoan nanjak da… https://t.co/Zg7Y49jVrJ",04:30:00,06:30:00,439.3,439.65,438.75,438.9,153182.0
96,2017-11-11 06:21:54,positive,"Sahabat Tata di Lampung, yuk merapat ke Dealer Tata Motors Lampung, Launching Tata Super Ace HT yg jagoan nanjak da… https://t.co/Zg7Y49jVrJ",04:30:00,06:30:00,430.0,430.45,429.3,430.0,89027.0
97,2017-11-11 06:21:54,positive,"Sahabat Tata di Lampung, yuk merapat ke Dealer Tata Motors Lampung, Launching Tata Super Ace HT yg jagoan nanjak da… https://t.co/Zg7Y49jVrJ",04:30:00,06:30:00,437.25,438.5,436.65,438.2,369599.0
98,2017-11-11 06:21:54,positive,"Sahabat Tata di Lampung, yuk merapat ke Dealer Tata Motors Lampung, Launching Tata Super Ace HT yg jagoan nanjak da… https://t.co/Zg7Y49jVrJ",04:30:00,06:30:00,436.7,438.4,436.7,438.2,101921.0
99,2017-11-11 06:21:54,positive,"Sahabat Tata di Lampung, yuk merapat ke Dealer Tata Motors Lampung, Launching Tata Super Ace HT yg jagoan nanjak da… https://t.co/Zg7Y49jVrJ",04:30:00,06:30:00,437.0,438.0,436.95,437.9,86590.0
100,2017-11-11 06:21:54,positive,"Sahabat Tata di Lampung, yuk merapat ke Dealer Tata Motors Lampung, Launching Tata Super Ace HT yg jagoan nanjak da… https://t.co/Zg7Y49jVrJ",04:30:00,06:30:00,465.45,468.0,465.1,465.45,1436876.0
101,2017-11-11 06:21:54,positive,"Sahabat Tata di Lampung, yuk merapat ke Dealer Tata Motors Lampung, Launching Tata Super Ace HT yg jagoan nanjak da… https://t.co/Zg7Y49jVrJ",04:30:00,06:30:00,454.95,456.8,454.65,456.55,503925.0
102,2017-11-11 06:21:54,positive,"Sahabat Tata di Lampung, yuk merapat ke Dealer Tata Motors Lampung, Launching Tata Super Ace HT yg jagoan nanjak da… https://t.co/Zg7Y49jVrJ",04:30:00,06:30:00,432.3,436.2,432.05,435.4,766498.0
103,2017-11-11 06:21:54,positive,"Sahabat Tata di Lampung, yuk merapat ke Dealer Tata Motors Lampung, Launching Tata Super Ace HT yg jagoan nanjak da… https://t.co/Zg7Y49jVrJ",04:30:00,06:30:00,439.4,441.3,439.0,439.75,1003840.0
104,2017-11-11 06:21:54,positive,"Sahabat Tata di Lampung, yuk merapat ke Dealer Tata Motors Lampung, Launching Tata Super Ace HT yg jagoan nanjak da… https://t.co/Zg7Y49jVrJ",04:30:00,06:30:00,422.1,422.15,420.15,421.3,784156.0
105,2017-11-11 06:18:36,neutral,RT @mukeshdas7000: @SatlokChannel #?????????????????? ?? ???? ?? ???? ????? ???? ???? #????_??_??? ?????? ?? ?? ??? ????? ????? ??? ????? ?…,04:30:00,06:30:00,439.3,439.65,438.75,438.9,153182.0
106,2017-11-11 06:18:36,neutral,RT @mukeshdas7000: @SatlokChannel #?????????????????? ?? ???? ?? ???? ????? ???? ???? #????_??_??? ?????? ?? ?? ??? ????? ????? ??? ????? ?…,04:30:00,06:30:00,430.0,430.45,429.3,430.0,89027.0
107,2017-11-11 06:18:36,neutral,RT @mukeshdas7000: @SatlokChannel #?????????????????? ?? ???? ?? ???? ????? ???? ???? #????_??_??? ?????? ?? ?? ??? ????? ????? ??? ????? ?…,04:30:00,06:30:00,437.25,438.5,436.65,438.2,369599.0
108,2017-11-11 06:18:36,neutral,RT @mukeshdas7000: @SatlokChannel #?????????????????? ?? ???? ?? ???? ????? ???? ???? #????_??_??? ?????? ?? ?? ??? ????? ????? ??? ????? ?…,04:30:00,06:30:00,436.7,438.4,436.7,438.2,101921.0
109,2017-11-11 06:18:36,neutral,RT @mukeshdas7000: @SatlokChannel #?????????????????? ?? ???? ?? ???? ????? ???? ???? #????_??_??? ?????? ?? ?? ??? ????? ????? ??? ????? ?…,04:30:00,06:30:00,437.0,438.0,436.95,437.9,86590.0
110,2017-11-11 06:18:36,neutral,RT @mukeshdas7000: @SatlokChannel #?????????????????? ?? ???? ?? ???? ????? ???? ???? #????_??_??? ?????? ?? ?? ??? ????? ????? ??? ????? ?…,04:30:00,06:30:00,465.45,468.0,465.1,465.45,1436876.0
111,2017-11-11 06:18:36,neutral,RT @mukeshdas7000: @SatlokChannel #?????????????????? ?? ???? ?? ???? ????? ???? ???? #????_??_??? ?????? ?? ?? ??? ????? ????? ??? ????? ?…,04:30:00,06:30:00,454.95,456.8,454.65,456.55,503925.0
112,2017-11-11 06:18:36,neutral,RT @mukeshdas7000: @SatlokChannel #?????????????????? ?? ???? ?? ???? ????? ???? ???? #????_??_??? ?????? ?? ?? ??? ????? ????? ??? ????? ?…,04:30:00,06:30:00,432.3,436.2,432.05,435.4,766498.0
113,2017-11-11 06:18:36,neutral,RT @mukeshdas7000: @SatlokChannel #?????????????????? ?? ???? ?? ???? ????? ???? ???? #????_??_??? ?????? ?? ?? ??? ????? ????? ??? ????? ?…,04:30:00,06:30:00,439.4,441.3,439.0,439.75,1003840.0
114,2017-11-11 06:18:36,neutral,RT @mukeshdas7000: @SatlokChannel #?????????????????? ?? ???? ?? ???? ????? ???? ???? #????_??_??? ?????? ?? ?? ??? ????? ????? ??? ????? ?…,04:30:00,06:30:00,422.1,422.15,420.15,421.3,784156.0
115,2017-11-11 06:04:34,neutral,RT @TataMotors: This upcoming Children’s Day dive into your #TruckLoadsOfMemories with Tata Motors commercial vehicles and stand a chance t…,04:15:00,06:15:00,439.9,440.0,438.7,439.45,165989.0
116,2017-11-11 06:04:34,neutral,RT @TataMotors: This upcoming Children’s Day dive into your #TruckLoadsOfMemories with Tata Motors commercial vehicles and stand a chance t…,04:15:00,06:15:00,430.35,431.35,430.0,430.05,79563.0
117,2017-11-11 06:04:34,neutral,RT @TataMotors: This upcoming Children’s Day dive into your #TruckLoadsOfMemories with Tata Motors commercial vehicles and stand a chance t…,04:15:00,06:15:00,438.1,438.8,437.0,437.25,344502.0
118,2017-11-11 06:04:34,neutral,RT @TataMotors: This upcoming Children’s Day dive into your #TruckLoadsOfMemories with Tata Motors commercial vehicles and stand a chance t…,04:15:00,06:15:00,439.4,439.55,436.55,436.95,147377.0
119,2017-11-11 06:04:34,neutral,RT @TataMotors: This upcoming Children’s Day dive into your #TruckLoadsOfMemories with Tata Motors commercial vehicles and stand a chance t…,04:15:00,06:15:00,437.9,438.05,436.7,437.0,96195.0
120,2017-11-11 06:04:34,neutral,RT @TataMotors: This upcoming Children’s Day dive into your #TruckLoadsOfMemories with Tata Motors commercial vehicles and stand a chance t…,04:15:00,06:15:00,464.0,465.9,463.6,465.35,1215503.0
121,2017-11-11 06:04:34,neutral,RT @TataMotors: This upcoming Children’s Day dive into your #TruckLoadsOfMemories with Tata Motors commercial vehicles and stand a chance t…,04:15:00,06:15:00,453.2,455.65,453.05,454.9,393078.0
122,2017-11-11 06:04:34,neutral,RT @TataMotors: This upcoming Children’s Day dive into your #TruckLoadsOfMemories with Tata Motors commercial vehicles and stand a chance t…,04:15:00,06:15:00,435.5,435.7,431.4,432.25,598514.0
123,2017-11-11 06:04:34,neutral,RT @TataMotors: This upcoming Children’s Day dive into your #TruckLoadsOfMemories with Tata Motors commercial vehicles and stand a chance t…,04:15:00,06:15:00,443.0,443.05,436.35,439.45,1490468.0
124,2017-11-11 06:04:34,neutral,RT @TataMotors: This upcoming Children’s Day dive into your #TruckLoadsOfMemories with Tata Motors commercial vehicles and stand a chance t…,04:15:00,06:15:00,422.15,422.65,421.05,422.05,576156.0
125,2017-11-11 06:04:10,neutral,RT @autocarpro: Tata Motors' aggressive turnaround strategy starts showing results; month-on-month growth in sales and market share https:/…,04:15:00,06:15:00,439.9,440.0,438.7,439.45,165989.0
126,2017-11-11 06:04:10,neutral,RT @autocarpro: Tata Motors' aggressive turnaround strategy starts showing results; month-on-month growth in sales and market share https:/…,04:15:00,06:15:00,430.35,431.35,430.0,430.05,79563.0
127,2017-11-11 06:04:10,neutral,RT @autocarpro: Tata Motors' aggressive turnaround strategy starts showing results; month-on-month growth in sales and market share https:/…,04:15:00,06:15:00,438.1,438.8,437.0,437.25,344502.0
128,2017-11-11 06:04:10,neutral,RT @autocarpro: Tata Motors' aggressive turnaround strategy starts showing results; month-on-month growth in sales and market share https:/…,04:15:00,06:15:00,439.4,439.55,436.55,436.95,147377.0
129,2017-11-11 06:04:10,neutral,RT @autocarpro: Tata Motors' aggressive turnaround strategy starts showing results; month-on-month growth in sales and market share https:/…,04:15:00,06:15:00,437.9,438.05,436.7,437.0,96195.0
130,2017-11-11 06:04:10,neutral,RT @autocarpro: Tata Motors' aggressive turnaround strategy starts showing results; month-on-month growth in sales and market share https:/…,04:15:00,06:15:00,464.0,465.9,463.6,465.35,1215503.0
131,2017-11-11 06:04:10,neutral,RT @autocarpro: Tata Motors' aggressive turnaround strategy starts showing results; month-on-month growth in sales and market share https:/…,04:15:00,06:15:00,453.2,455.65,453.05,454.9,393078.0
132,2017-11-11 06:04:10,neutral,RT @autocarpro: Tata Motors' aggressive turnaround strategy starts showing results; month-on-month growth in sales and market share https:/…,04:15:00,06:15:00,435.5,435.7,431.4,432.25,598514.0
133,2017-11-11 06:04:10,neutral,RT @autocarpro: Tata Motors' aggressive turnaround strategy starts showing results; month-on-month growth in sales and market share https:/…,04:15:00,06:15:00,443.0,443.05,436.35,439.45,1490468.0
134,2017-11-11 06:04:10,neutral,RT @autocarpro: Tata Motors' aggressive turnaround strategy starts showing results; month-on-month growth in sales and market share https:/…,04:15:00,06:15:00,422.15,422.65,421.05,422.05,576156.0
135,2017-11-11 05:50:28,neutral,RT @autocarpro: Tata Motors' aggressive turnaround strategy starts showing results; month-on-month growth in sales and market share https:/…,04:00:00,06:00:00,440.8,440.95,439.55,439.9,246099.0
136,2017-11-11 05:50:28,neutral,RT @autocarpro: Tata Motors' aggressive turnaround strategy starts showing results; month-on-month growth in sales and market share https:/…,04:00:00,06:00:00,431.05,431.85,430.05,430.35,112917.0
137,2017-11-11 05:50:28,neutral,RT @autocarpro: Tata Motors' aggressive turnaround strategy starts showing results; month-on-month growth in sales and market share https:/…,04:00:00,06:00:00,437.0,439.0,436.6,438.1,658469.0
138,2017-11-11 05:50:28,neutral,RT @autocarpro: Tata Motors' aggressive turnaround strategy starts showing results; month-on-month growth in sales and market share https:/…,04:00:00,06:00:00,437.6,440.25,437.25,439.25,428473.0
139,2017-11-11 05:50:28,neutral,RT @autocarpro: Tata Motors' aggressive turnaround strategy starts showing results; month-on-month growth in sales and market share https:/…,04:00:00,06:00:00,437.75,438.3,437.3,437.65,64365.0
140,2017-11-11 05:50:28,neutral,RT @autocarpro: Tata Motors' aggressive turnaround strategy starts showing results; month-on-month growth in sales and market share https:/…,04:00:00,06:00:00,461.05,464.25,460.65,463.85,918040.0
141,2017-11-11 05:50:28,neutral,RT @autocarpro: Tata Motors' aggressive turnaround strategy starts showing results; month-on-month growth in sales and market share https:/…,04:00:00,06:00:00,455.65,455.75,452.6,453.35,381915.0
142,2017-11-11 05:50:28,neutral,RT @autocarpro: Tata Motors' aggressive turnaround strategy starts showing results; month-on-month growth in sales and market share https:/…,04:00:00,06:00:00,437.8,437.8,433.25,435.6,673381.0
143,2017-11-11 05:50:28,neutral,RT @autocarpro: Tata Motors' aggressive turnaround strategy starts showing results; month-on-month growth in sales and market share https:/…,04:00:00,06:00:00,438.5,444.5,438.25,442.85,2534030.0
144,2017-11-11 05:50:28,neutral,RT @autocarpro: Tata Motors' aggressive turnaround strategy starts showing results; month-on-month growth in sales and market share https:/…,04:00:00,06:00:00,423.2,423.6,421.4,422.05,724509.0
145,2017-11-11 05:23:34,neutral,@sonamcnbcawaaz Time to short m&amp;m? Just like tata motors ?,03:30:00,05:30:00,438.65,439.3,438.0,438.95,167784.0
146,2017-11-11 05:23:34,neutral,@sonamcnbcawaaz Time to short m&amp;m? Just like tata motors ?,03:30:00,05:30:00,429.6,430.2,428.6,430.0,221711.0
147,2017-11-11 05:23:34,neutral,@sonamcnbcawaaz Time to short m&amp;m? Just like tata motors ?,03:30:00,05:30:00,439.25,439.55,437.8,437.9,153366.0
148,2017-11-11 05:23:34,neutral,@sonamcnbcawaaz Time to short m&amp;m? Just like tata motors ?,03:30:00,05:30:00,436.4,438.05,435.45,435.6,526969.0
149,2017-11-11 05:23:34,neutral,@sonamcnbcawaaz Time to short m&amp;m? Just like tata motors ?,03:30:00,05:30:00,437.8,438.0,437.0,437.3,42139.0
150,2017-11-11 05:23:34,neutral,@sonamcnbcawaaz Time to short m&amp;m? Just like tata motors ?,03:30:00,05:30:00,458.25,462.5,457.55,462.0,709727.0
151,2017-11-11 05:23:34,neutral,@sonamcnbcawaaz Time to short m&amp;m? Just like tata motors ?,03:30:00,05:30:00,454.9,456.4,454.05,455.75,439504.0
152,2017-11-11 05:23:34,neutral,@sonamcnbcawaaz Time to short m&amp;m? Just like tata motors ?,03:30:00,05:30:00,443.5,444.4,442.35,442.85,245163.0
153,2017-11-11 05:23:34,neutral,@sonamcnbcawaaz Time to short m&amp;m? Just like tata motors ?,03:30:00,05:30:00,443.7,448.1,426.15,436.55,9247742.0
154,2017-11-11 05:23:34,neutral,@sonamcnbcawaaz Time to short m&amp;m? Just like tata motors ?,03:30:00,05:30:00,423.15,425.45,421.5,422.65,1056594.0
155,2017-11-11 05:08:46,neutral,Tata Motors' turnaround strategy starts showing results https://t.co/x4aC0BWoXh,03:15:00,05:15:00,439.85,439.85,438.65,438.7,178628.0
156,2017-11-11 05:08:46,neutral,Tata Motors' turnaround strategy starts showing results https://t.co/x4aC0BWoXh,03:15:00,05:15:00,430.05,430.25,429.5,429.6,126222.0
157,2017-11-11 05:08:46,neutral,Tata Motors' turnaround strategy starts showing results https://t.co/x4aC0BWoXh,03:15:00,05:15:00,439.25,439.95,438.0,439.25,266288.0
158,2017-11-11 05:08:46,neutral,Tata Motors' turnaround strategy starts showing results https://t.co/x4aC0BWoXh,03:15:00,05:15:00,431.25,436.5,431.0,436.1,760576.0
159,2017-11-11 05:08:46,neutral,Tata Motors' turnaround strategy starts showing results https://t.co/x4aC0BWoXh,03:15:00,05:15:00,437.7,438.0,437.4,437.95,39029.0
160,2017-11-11 05:08:46,neutral,Tata Motors' turnaround strategy starts showing results https://t.co/x4aC0BWoXh,03:15:00,05:15:00,459.1,460.8,458.1,458.3,537435.0
161,2017-11-11 05:08:46,neutral,Tata Motors' turnaround strategy starts showing results https://t.co/x4aC0BWoXh,03:15:00,05:15:00,456.8,457.3,452.7,454.9,687306.0
162,2017-11-11 05:08:46,neutral,Tata Motors' turnaround strategy starts showing results https://t.co/x4aC0BWoXh,03:15:00,05:15:00,443.05,444.7,441.5,443.5,223607.0
163,2017-11-11 05:08:46,neutral,Tata Motors' turnaround strategy starts showing results https://t.co/x4aC0BWoXh,03:15:00,05:15:00,443.55,444.85,441.65,443.7,864274.0
164,2017-11-11 05:08:46,neutral,Tata Motors' turnaround strategy starts showing results https://t.co/x4aC0BWoXh,03:15:00,05:15:00,421.8,424.8,421.55,423.2,844677.0
165,2017-11-11 05:03:44,neutral,"RT @ETBrandEquity: Tata Motors' global sales shoots up by 2.7% at 1,03,761 units in October
Read:
https://t.co/0x8O297dHo",03:15:00,05:15:00,439.85,439.85,438.65,438.7,178628.0
166,2017-11-11 05:03:44,neutral,"RT @ETBrandEquity: Tata Motors' global sales shoots up by 2.7% at 1,03,761 units in October
Read:
https://t.co/0x8O297dHo",03:15:00,05:15:00,430.05,430.25,429.5,429.6,126222.0
167,2017-11-11 05:03:44,neutral,"RT @ETBrandEquity: Tata Motors' global sales shoots up by 2.7% at 1,03,761 units in October
Read:
https://t.co/0x8O297dHo",03:15:00,05:15:00,439.25,439.95,438.0,439.25,266288.0
168,2017-11-11 05:03:44,neutral,"RT @ETBrandEquity: Tata Motors' global sales shoots up by 2.7% at 1,03,761 units in October
Read:
https://t.co/0x8O297dHo",03:15:00,05:15:00,431.25,436.5,431.0,436.1,760576.0
169,2017-11-11 05:03:44,neutral,"RT @ETBrandEquity: Tata Motors' global sales shoots up by 2.7% at 1,03,761 units in October
Read:
https://t.co/0x8O297dHo",03:15:00,05:15:00,437.7,438.0,437.4,437.95,39029.0
170,2017-11-11 05:03:44,neutral,"RT @ETBrandEquity: Tata Motors' global sales shoots up by 2.7% at 1,03,761 units in October
Read:
https://t.co/0x8O297dHo",03:15:00,05:15:00,459.1,460.8,458.1,458.3,537435.0
171,2017-11-11 05:03:44,neutral,"RT @ETBrandEquity: Tata Motors' global sales shoots up by 2.7% at 1,03,761 units in October
Read:
https://t.co/0x8O297dHo",03:15:00,05:15:00,456.8,457.3,452.7,454.9,687306.0
172,2017-11-11 05:03:44,neutral,"RT @ETBrandEquity: Tata Motors' global sales shoots up by 2.7% at 1,03,761 units in October
Read:
https://t.co/0x8O297dHo",03:15:00,05:15:00,443.05,444.7,441.5,443.5,223607.0
173,2017-11-11 05:03:44,neutral,"RT @ETBrandEquity: Tata Motors' global sales shoots up by 2.7% at 1,03,761 units in October
Read:
https://t.co/0x8O297dHo",03:15:00,05:15:00,443.55,444.85,441.65,443.7,864274.0
174,2017-11-11 05:03:44,neutral,"RT @ETBrandEquity: Tata Motors' global sales shoots up by 2.7% at 1,03,761 units in October
Read:
https://t.co/0x8O297dHo",03:15:00,05:15:00,421.8,424.8,421.55,423.2,844677.0
175,2017-11-11 04:58:58,neutral,"RT @FINANCIALPORTAL: Indian ADRs Indian ADRs: Infosys, ICICI Bank gain; HDFC Bank, Tata Motors, Dr Reddy#39;s Labs fall https://t.co/vb8CZO…",03:00:00,05:00:00,438.95,440.0,438.55,439.65,230234.0
176,2017-11-11 04:58:58,neutral,"RT @FINANCIALPORTAL: Indian ADRs Indian ADRs: Infosys, ICICI Bank gain; HDFC Bank, Tata Motors, Dr Reddy#39;s Labs fall https://t.co/vb8CZO…",03:00:00,05:00:00,429.95,430.75,429.6,429.9,229994.0
177,2017-11-11 04:58:58,neutral,"RT @FINANCIALPORTAL: Indian ADRs Indian ADRs: Infosys, ICICI Bank gain; HDFC Bank, Tata Motors, Dr Reddy#39;s Labs fall https://t.co/vb8CZO…",03:00:00,05:00:00,437.8,439.85,437.6,439.3,320193.0
178,2017-11-11 04:58:58,neutral,"RT @FINANCIALPORTAL: Indian ADRs Indian ADRs: Infosys, ICICI Bank gain; HDFC Bank, Tata Motors, Dr Reddy#39;s Labs fall https://t.co/vb8CZO…",03:00:00,05:00:00,430.9,431.7,430.8,431.35,94808.0
179,2017-11-11 04:58:58,neutral,"RT @FINANCIALPORTAL: Indian ADRs Indian ADRs: Infosys, ICICI Bank gain; HDFC Bank, Tata Motors, Dr Reddy#39;s Labs fall https://t.co/vb8CZO…",03:00:00,05:00:00,437.0,438.0,436.95,437.65,61217.0
180,2017-11-11 04:58:58,neutral,"RT @FINANCIALPORTAL: Indian ADRs Indian ADRs: Infosys, ICICI Bank gain; HDFC Bank, Tata Motors, Dr Reddy#39;s Labs fall https://t.co/vb8CZO…",03:00:00,05:00:00,457.8,460.0,456.5,459.1,475786.0
181,2017-11-11 04:58:58,neutral,"RT @FINANCIALPORTAL: Indian ADRs Indian ADRs: Infosys, ICICI Bank gain; HDFC Bank, Tata Motors, Dr Reddy#39;s Labs fall https://t.co/vb8CZO…",03:00:00,05:00:00,458.6,458.85,456.5,456.8,223096.0
182,2017-11-11 04:58:58,neutral,"RT @FINANCIALPORTAL: Indian ADRs Indian ADRs: Infosys, ICICI Bank gain; HDFC Bank, Tata Motors, Dr Reddy#39;s Labs fall https://t.co/vb8CZO…",03:00:00,05:00:00,444.65,444.7,440.8,443.05,463132.0
183,2017-11-11 04:58:58,neutral,"RT @FINANCIALPORTAL: Indian ADRs Indian ADRs: Infosys, ICICI Bank gain; HDFC Bank, Tata Motors, Dr Reddy#39;s Labs fall https://t.co/vb8CZO…",03:00:00,05:00:00,442.55,444.0,440.85,443.55,896549.0
184,2017-11-11 04:58:58,neutral,"RT @FINANCIALPORTAL: Indian ADRs Indian ADRs: Infosys, ICICI Bank gain; HDFC Bank, Tata Motors, Dr Reddy#39;s Labs fall https://t.co/vb8CZO…",03:00:00,05:00:00,422.2,422.95,421.75,421.8,446740.0
185,2017-11-11 04:57:50,neutral,Tata motors Service Advisor Smartest 2nd position in bihar Mr Suraj kumar.,03:00:00,05:00:00,438.95,440.0,438.55,439.65,230234.0
186,2017-11-11 04:57:50,neutral,Tata motors Service Advisor Smartest 2nd position in bihar Mr Suraj kumar.,03:00:00,05:00:00,429.95,430.75,429.6,429.9,229994.0
187,2017-11-11 04:57:50,neutral,Tata motors Service Advisor Smartest 2nd position in bihar Mr Suraj kumar.,03:00:00,05:00:00,437.8,439.85,437.6,439.3,320193.0
188,2017-11-11 04:57:50,neutral,Tata motors Service Advisor Smartest 2nd position in bihar Mr Suraj kumar.,03:00:00,05:00:00,430.9,431.7,430.8,431.35,94808.0
189,2017-11-11 04:57:50,neutral,Tata motors Service Advisor Smartest 2nd position in bihar Mr Suraj kumar.,03:00:00,05:00:00,437.0,438.0,436.95,437.65,61217.0
190,2017-11-11 04:57:50,neutral,Tata motors Service Advisor Smartest 2nd position in bihar Mr Suraj kumar.,03:00:00,05:00:00,457.8,460.0,456.5,459.1,475786.0
191,2017-11-11 04:57:50,neutral,Tata motors Service Advisor Smartest 2nd position in bihar Mr Suraj kumar.,03:00:00,05:00:00,458.6,458.85,456.5,456.8,223096.0
192,2017-11-11 04:57:50,neutral,Tata motors Service Advisor Smartest 2nd position in bihar Mr Suraj kumar.,03:00:00,05:00:00,444.65,444.7,440.8,443.05,463132.0
193,2017-11-11 04:57:50,neutral,Tata motors Service Advisor Smartest 2nd position in bihar Mr Suraj kumar.,03:00:00,05:00:00,442.55,444.0,440.85,443.55,896549.0
194,2017-11-11 04:57:50,neutral,Tata motors Service Advisor Smartest 2nd position in bihar Mr Suraj kumar.,03:00:00,05:00:00,422.2,422.95,421.75,421.8,446740.0
195,2017-11-11 04:54:04,neutral,"Indian ADRs Indian ADRs: Infosys, ICICI Bank gain; HDFC Bank, Tata Motors, Dr Reddy#39;s Labs fall https://t.co/vb8CZO1C5C",03:00:00,05:00:00,438.95,440.0,438.55,439.65,230234.0
196,2017-11-11 04:54:04,neutral,"Indian ADRs Indian ADRs: Infosys, ICICI Bank gain; HDFC Bank, Tata Motors, Dr Reddy#39;s Labs fall https://t.co/vb8CZO1C5C",03:00:00,05:00:00,429.95,430.75,429.6,429.9,229994.0
197,2017-11-11 04:54:04,neutral,"Indian ADRs Indian ADRs: Infosys, ICICI Bank gain; HDFC Bank, Tata Motors, Dr Reddy#39;s Labs fall https://t.co/vb8CZO1C5C",03:00:00,05:00:00,437.8,439.85,437.6,439.3,320193.0
198,2017-11-11 04:54:04,neutral,"Indian ADRs Indian ADRs: Infosys, ICICI Bank gain; HDFC Bank, Tata Motors, Dr Reddy#39;s Labs fall https://t.co/vb8CZO1C5C",03:00:00,05:00:00,430.9,431.7,430.8,431.35,94808.0
199,2017-11-11 04:54:04,neutral,"Indian ADRs Indian ADRs: Infosys, ICICI Bank gain; HDFC Bank, Tata Motors, Dr Reddy#39;s Labs fall https://t.co/vb8CZO1C5C",03:00:00,05:00:00,437.0,438.0,436.95,437.65,61217.0
200,2017-11-11 04:54:04,neutral,"Indian ADRs Indian ADRs: Infosys, ICICI Bank gain; HDFC Bank, Tata Motors, Dr Reddy#39;s Labs fall https://t.co/vb8CZO1C5C",03:00:00,05:00:00,457.8,460.0,456.5,459.1,475786.0
201,2017-11-11 04:54:04,neutral,"Indian ADRs Indian ADRs: Infosys, ICICI Bank gain; HDFC Bank, Tata Motors, Dr Reddy#39;s Labs fall https://t.co/vb8CZO1C5C",03:00:00,05:00:00,458.6,458.85,456.5,456.8,223096.0
202,2017-11-11 04:54:04,neutral,"Indian ADRs Indian ADRs: Infosys, ICICI Bank gain; HDFC Bank, Tata Motors, Dr Reddy#39;s Labs fall https://t.co/vb8CZO1C5C",03:00:00,05:00:00,444.65,444.7,440.8,443.05,463132.0
203,2017-11-11 04:54:04,neutral,"Indian ADRs Indian ADRs: Infosys, ICICI Bank gain; HDFC Bank, Tata Motors, Dr Reddy#39;s Labs fall https://t.co/vb8CZO1C5C",03:00:00,05:00:00,442.55,444.0,440.85,443.55,896549.0
204,2017-11-11 04:54:04,neutral,"Indian ADRs Indian ADRs: Infosys, ICICI Bank gain; HDFC Bank, Tata Motors, Dr Reddy#39;s Labs fall https://t.co/vb8CZO1C5C",03:00:00,05:00:00,422.2,422.95,421.75,421.8,446740.0
205,2017-11-11 04:50:00,neutral,"Tata Motors' global sales shoots up by 2.7% at 1,03,761 units in October
Read:
https://t.co/0x8O297dHo",03:00:00,05:00:00,438.95,440.0,438.55,439.65,230234.0
206,2017-11-11 04:50:00,neutral,"Tata Motors' global sales shoots up by 2.7% at 1,03,761 units in October
Read:
https://t.co/0x8O297dHo",03:00:00,05:00:00,429.95,430.75,429.6,429.9,229994.0
207,2017-11-11 04:50:00,neutral,"Tata Motors' global sales shoots up by 2.7% at 1,03,761 units in October
Read:
https://t.co/0x8O297dHo",03:00:00,05:00:00,437.8,439.85,437.6,439.3,320193.0
208,2017-11-11 04:50:00,neutral,"Tata Motors' global sales shoots up by 2.7% at 1,03,761 units in October
Read:
https://t.co/0x8O297dHo",03:00:00,05:00:00,430.9,431.7,430.8,431.35,94808.0
209,2017-11-11 04:50:00,neutral,"Tata Motors' global sales shoots up by 2.7% at 1,03,761 units in October
Read:
https://t.co/0x8O297dHo",03:00:00,05:00:00,437.0,438.0,436.95,437.65,61217.0
210,2017-11-11 04:50:00,neutral,"Tata Motors' global sales shoots up by 2.7% at 1,03,761 units in October
Read:
https://t.co/0x8O297dHo",03:00:00,05:00:00,457.8,460.0,456.5,459.1,475786.0
211,2017-11-11 04:50:00,neutral,"Tata Motors' global sales shoots up by 2.7% at 1,03,761 units in October
Read:
https://t.co/0x8O297dHo",03:00:00,05:00:00,458.6,458.85,456.5,456.8,223096.0
212,2017-11-11 04:50:00,neutral,"Tata Motors' global sales shoots up by 2.7% at 1,03,761 units in October
Read:
https://t.co/0x8O297dHo",03:00:00,05:00:00,444.65,444.7,440.8,443.05,463132.0
213,2017-11-11 04:50:00,neutral,"Tata Motors' global sales shoots up by 2.7% at 1,03,761 units in October
Read:
https://t.co/0x8O297dHo",03:00:00,05:00:00,442.55,444.0,440.85,443.55,896549.0
214,2017-11-11 04:50:00,neutral,"Tata Motors' global sales shoots up by 2.7% at 1,03,761 units in October
Read:
https://t.co/0x8O297dHo",03:00:00,05:00:00,422.2,422.95,421.75,421.8,446740.0
215,2017-11-11 04:37:18,neutral,Tata Motors' aggressive turnaround strategy starts showing results; month-on-month growth in sales and market share… https://t.co/if2Y9d7dSC,02:45:00,04:45:00,437.85,439.0,437.35,438.7,184578.0
216,2017-11-11 04:37:18,neutral,Tata Motors' aggressive turnaround strategy starts showing results; month-on-month growth in sales and market share… https://t.co/if2Y9d7dSC,02:45:00,04:45:00,430.15,430.45,429.5,429.9,187150.0
217,2017-11-11 04:37:18,neutral,Tata Motors' aggressive turnaround strategy starts showing results; month-on-month growth in sales and market share… https://t.co/if2Y9d7dSC,02:45:00,04:45:00,437.15,438.85,436.6,437.75,415801.0
218,2017-11-11 04:37:18,neutral,Tata Motors' aggressive turnaround strategy starts showing results; month-on-month growth in sales and market share… https://t.co/if2Y9d7dSC,02:45:00,04:45:00,431.05,431.4,430.5,430.9,253501.0
219,2017-11-11 04:37:18,neutral,Tata Motors' aggressive turnaround strategy starts showing results; month-on-month growth in sales and market share… https://t.co/if2Y9d7dSC,02:45:00,04:45:00,438.05,438.5,436.7,437.0,111022.0
220,2017-11-11 04:37:18,neutral,Tata Motors' aggressive turnaround strategy starts showing results; month-on-month growth in sales and market share… https://t.co/if2Y9d7dSC,02:45:00,04:45:00,458.0,459.5,456.1,457.9,437076.0
221,2017-11-11 04:37:18,neutral,Tata Motors' aggressive turnaround strategy starts showing results; month-on-month growth in sales and market share… https://t.co/if2Y9d7dSC,02:45:00,04:45:00,460.35,460.4,458.3,458.6,272510.0
222,2017-11-11 04:37:18,neutral,Tata Motors' aggressive turnaround strategy starts showing results; month-on-month growth in sales and market share… https://t.co/if2Y9d7dSC,02:45:00,04:45:00,445.1,445.5,444.05,444.5,136940.0
223,2017-11-11 04:37:18,neutral,Tata Motors' aggressive turnaround strategy starts showing results; month-on-month growth in sales and market share… https://t.co/if2Y9d7dSC,02:45:00,04:45:00,438.9,442.65,438.75,442.6,631353.0
224,2017-11-11 04:37:18,neutral,Tata Motors' aggressive turnaround strategy starts showing results; month-on-month growth in sales and market share… https://t.co/if2Y9d7dSC,02:45:00,04:45:00,421.95,422.35,421.0,422.15,577127.0
225,2017-11-11 04:34:27,negative,Tata Motors Ltd $TTM Shares Gap Down to $32.32 https://t.co/iHl8hIU9Om,02:45:00,04:45:00,437.85,439.0,437.35,438.7,184578.0
226,2017-11-11 04:34:27,negative,Tata Motors Ltd $TTM Shares Gap Down to $32.32 https://t.co/iHl8hIU9Om,02:45:00,04:45:00,430.15,430.45,429.5,429.9,187150.0
227,2017-11-11 04:34:27,negative,Tata Motors Ltd $TTM Shares Gap Down to $32.32 https://t.co/iHl8hIU9Om,02:45:00,04:45:00,437.15,438.85,436.6,437.75,415801.0
228,2017-11-11 04:34:27,negative,Tata Motors Ltd $TTM Shares Gap Down to $32.32 https://t.co/iHl8hIU9Om,02:45:00,04:45:00,431.05,431.4,430.5,430.9,253501.0
229,2017-11-11 04:34:27,negative,Tata Motors Ltd $TTM Shares Gap Down to $32.32 https://t.co/iHl8hIU9Om,02:45:00,04:45:00,438.05,438.5,436.7,437.0,111022.0
230,2017-11-11 04:34:27,negative,Tata Motors Ltd $TTM Shares Gap Down to $32.32 https://t.co/iHl8hIU9Om,02:45:00,04:45:00,458.0,459.5,456.1,457.9,437076.0
231,2017-11-11 04:34:27,negative,Tata Motors Ltd $TTM Shares Gap Down to $32.32 https://t.co/iHl8hIU9Om,02:45:00,04:45:00,460.35,460.4,458.3,458.6,272510.0
232,2017-11-11 04:34:27,negative,Tata Motors Ltd $TTM Shares Gap Down to $32.32 https://t.co/iHl8hIU9Om,02:45:00,04:45:00,445.1,445.5,444.05,444.5,136940.0
233,2017-11-11 04:34:27,negative,Tata Motors Ltd $TTM Shares Gap Down to $32.32 https://t.co/iHl8hIU9Om,02:45:00,04:45:00,438.9,442.65,438.75,442.6,631353.0
234,2017-11-11 04:34:27,negative,Tata Motors Ltd $TTM Shares Gap Down to $32.32 https://t.co/iHl8hIU9Om,02:45:00,04:45:00,421.95,422.35,421.0,422.15,577127.0
235,2017-11-11 04:33:53,neutral,"#Breaking_News (Indian ADRs: Infosys, ICICI Bank gain; HDFC Bank, Tata Motors, Dr Reddy#39;s ...) -… https://t.co/BV0PCzLV7v",02:45:00,04:45:00,437.85,439.0,437.35,438.7,184578.0
236,2017-11-11 04:33:53,neutral,"#Breaking_News (Indian ADRs: Infosys, ICICI Bank gain; HDFC Bank, Tata Motors, Dr Reddy#39;s ...) -… https://t.co/BV0PCzLV7v",02:45:00,04:45:00,430.15,430.45,429.5,429.9,187150.0
237,2017-11-11 04:33:53,neutral,"#Breaking_News (Indian ADRs: Infosys, ICICI Bank gain; HDFC Bank, Tata Motors, Dr Reddy#39;s ...) -… https://t.co/BV0PCzLV7v",02:45:00,04:45:00,437.15,438.85,436.6,437.75,415801.0
238,2017-11-11 04:33:53,neutral,"#Breaking_News (Indian ADRs: Infosys, ICICI Bank gain; HDFC Bank, Tata Motors, Dr Reddy#39;s ...) -… https://t.co/BV0PCzLV7v",02:45:00,04:45:00,431.05,431.4,430.5,430.9,253501.0
239,2017-11-11 04:33:53,neutral,"#Breaking_News (Indian ADRs: Infosys, ICICI Bank gain; HDFC Bank, Tata Motors, Dr Reddy#39;s ...) -… https://t.co/BV0PCzLV7v",02:45:00,04:45:00,438.05,438.5,436.7,437.0,111022.0
240,2017-11-11 04:33:53,neutral,"#Breaking_News (Indian ADRs: Infosys, ICICI Bank gain; HDFC Bank, Tata Motors, Dr Reddy#39;s ...) -… https://t.co/BV0PCzLV7v",02:45:00,04:45:00,458.0,459.5,456.1,457.9,437076.0
241,2017-11-11 04:33:53,neutral,"#Breaking_News (Indian ADRs: Infosys, ICICI Bank gain; HDFC Bank, Tata Motors, Dr Reddy#39;s ...) -… https://t.co/BV0PCzLV7v",02:45:00,04:45:00,460.35,460.4,458.3,458.6,272510.0
242,2017-11-11 04:33:53,neutral,"#Breaking_News (Indian ADRs: Infosys, ICICI Bank gain; HDFC Bank, Tata Motors, Dr Reddy#39;s ...) -… https://t.co/BV0PCzLV7v",02:45:00,04:45:00,445.1,445.5,444.05,444.5,136940.0
243,2017-11-11 04:33:53,neutral,"#Breaking_News (Indian ADRs: Infosys, ICICI Bank gain; HDFC Bank, Tata Motors, Dr Reddy#39;s ...) -… https://t.co/BV0PCzLV7v",02:45:00,04:45:00,438.9,442.65,438.75,442.6,631353.0
244,2017-11-11 04:33:53,neutral,"#Breaking_News (Indian ADRs: Infosys, ICICI Bank gain; HDFC Bank, Tata Motors, Dr Reddy#39;s ...) -… https://t.co/BV0PCzLV7v",02:45:00,04:45:00,421.95,422.35,421.0,422.15,577127.0
245,2017-11-11 04:33:52,neutral,"#Breaking_News (Indian ADRs: Infosys, ICICI Bank gain; HDFC Bank, Tata Motors, Dr Reddy#39;s ...) -… https://t.co/EWxeva1Pq4",02:45:00,04:45:00,437.85,439.0,437.35,438.7,184578.0
246,2017-11-11 04:33:52,neutral,"#Breaking_News (Indian ADRs: Infosys, ICICI Bank gain; HDFC Bank, Tata Motors, Dr Reddy#39;s ...) -… https://t.co/EWxeva1Pq4",02:45:00,04:45:00,430.15,430.45,429.5,429.9,187150.0
247,2017-11-11 04:33:52,neutral,"#Breaking_News (Indian ADRs: Infosys, ICICI Bank gain; HDFC Bank, Tata Motors, Dr Reddy#39;s ...) -… https://t.co/EWxeva1Pq4",02:45:00,04:45:00,437.15,438.85,436.6,437.75,415801.0
248,2017-11-11 04:33:52,neutral,"#Breaking_News (Indian ADRs: Infosys, ICICI Bank gain; HDFC Bank, Tata Motors, Dr Reddy#39;s ...) -… https://t.co/EWxeva1Pq4",02:45:00,04:45:00,431.05,431.4,430.5,430.9,253501.0
249,2017-11-11 04:33:52,neutral,"#Breaking_News (Indian ADRs: Infosys, ICICI Bank gain; HDFC Bank, Tata Motors, Dr Reddy#39;s ...) -… https://t.co/EWxeva1Pq4",02:45:00,04:45:00,438.05,438.5,436.7,437.0,111022.0
250,2017-11-11 04:33:52,neutral,"#Breaking_News (Indian ADRs: Infosys, ICICI Bank gain; HDFC Bank, Tata Motors, Dr Reddy#39;s ...) -… https://t.co/EWxeva1Pq4",02:45:00,04:45:00,458.0,459.5,456.1,457.9,437076.0
251,2017-11-11 04:33:52,neutral,"#Breaking_News (Indian ADRs: Infosys, ICICI Bank gain; HDFC Bank, Tata Motors, Dr Reddy#39;s ...) -… https://t.co/EWxeva1Pq4",02:45:00,04:45:00,460.35,460.4,458.3,458.6,272510.0
252,2017-11-11 04:33:52,neutral,"#Breaking_News (Indian ADRs: Infosys, ICICI Bank gain; HDFC Bank, Tata Motors, Dr Reddy#39;s ...) -… https://t.co/EWxeva1Pq4",02:45:00,04:45:00,445.1,445.5,444.05,444.5,136940.0
253,2017-11-11 04:33:52,neutral,"#Breaking_News (Indian ADRs: Infosys, ICICI Bank gain; HDFC Bank, Tata Motors, Dr Reddy#39;s ...) -… https://t.co/EWxeva1Pq4",02:45:00,04:45:00,438.9,442.65,438.75,442.6,631353.0
254,2017-11-11 04:33:52,neutral,"#Breaking_News (Indian ADRs: Infosys, ICICI Bank gain; HDFC Bank, Tata Motors, Dr Reddy#39;s ...) -… https://t.co/EWxeva1Pq4",02:45:00,04:45:00,421.95,422.35,421.0,422.15,577127.0
255,2017-11-11 04:30:22,neutral,"Indian ADRs: Infosys, ICICI Bank gain; HDFC Bank, Tata Motors, Dr Reddy#39;s Labs fall https://t.co/f6FbzrluOI",02:45:00,04:45:00,437.85,439.0,437.35,438.7,184578.0
256,2017-11-11 04:30:22,neutral,"Indian ADRs: Infosys, ICICI Bank gain; HDFC Bank, Tata Motors, Dr Reddy#39;s Labs fall https://t.co/f6FbzrluOI",02:45:00,04:45:00,430.15,430.45,429.5,429.9,187150.0
257,2017-11-11 04:30:22,neutral,"Indian ADRs: Infosys, ICICI Bank gain; HDFC Bank, Tata Motors, Dr Reddy#39;s Labs fall https://t.co/f6FbzrluOI",02:45:00,04:45:00,437.15,438.85,436.6,437.75,415801.0
258,2017-11-11 04:30:22,neutral,"Indian ADRs: Infosys, ICICI Bank gain; HDFC Bank, Tata Motors, Dr Reddy#39;s Labs fall https://t.co/f6FbzrluOI",02:45:00,04:45:00,431.05,431.4,430.5,430.9,253501.0
259,2017-11-11 04:30:22,neutral,"Indian ADRs: Infosys, ICICI Bank gain; HDFC Bank, Tata Motors, Dr Reddy#39;s Labs fall https://t.co/f6FbzrluOI",02:45:00,04:45:00,438.05,438.5,436.7,437.0,111022.0
260,2017-11-11 04:30:22,neutral,"Indian ADRs: Infosys, ICICI Bank gain; HDFC Bank, Tata Motors, Dr Reddy#39;s Labs fall https://t.co/f6FbzrluOI",02:45:00,04:45:00,458.0,459.5,456.1,457.9,437076.0
261,2017-11-11 04:30:22,neutral,"Indian ADRs: Infosys, ICICI Bank gain; HDFC Bank, Tata Motors, Dr Reddy#39;s Labs fall https://t.co/f6FbzrluOI",02:45:00,04:45:00,460.35,460.4,458.3,458.6,272510.0
262,2017-11-11 04:30:22,neutral,"Indian ADRs: Infosys, ICICI Bank gain; HDFC Bank, Tata Motors, Dr Reddy#39;s Labs fall https://t.co/f6FbzrluOI",02:45:00,04:45:00,445.1,445.5,444.05,444.5,136940.0
263,2017-11-11 04:30:22,neutral,"Indian ADRs: Infosys, ICICI Bank gain; HDFC Bank, Tata Motors, Dr Reddy#39;s Labs fall https://t.co/f6FbzrluOI",02:45:00,04:45:00,438.9,442.65,438.75,442.6,631353.0
264,2017-11-11 04:30:22,neutral,"Indian ADRs: Infosys, ICICI Bank gain; HDFC Bank, Tata Motors, Dr Reddy#39;s Labs fall https://t.co/f6FbzrluOI",02:45:00,04:45:00,421.95,422.35,421.0,422.15,577127.0
265,2017-11-11 04:14:09,neutral,"RT @arrpitta: #latestnews Indian ADRs: Infosys, ICICI Bank gain; HDFC Bank, Tata Motors, Dr Reddy#39;s Labs fall https://t.co/I0mjOHUHyG ht…",02:15:00,04:15:00,437.75,440.0,437.0,438.65,568435.0
266,2017-11-11 04:14:09,neutral,"RT @arrpitta: #latestnews Indian ADRs: Infosys, ICICI Bank gain; HDFC Bank, Tata Motors, Dr Reddy#39;s Labs fall https://t.co/I0mjOHUHyG ht…",02:15:00,04:15:00,431.7,431.95,430.75,430.85,134165.0
267,2017-11-11 04:14:09,neutral,"RT @arrpitta: #latestnews Indian ADRs: Infosys, ICICI Bank gain; HDFC Bank, Tata Motors, Dr Reddy#39;s Labs fall https://t.co/I0mjOHUHyG ht…",02:15:00,04:15:00,433.0,434.5,432.6,433.75,266123.0
268,2017-11-11 04:14:09,neutral,"RT @arrpitta: #latestnews Indian ADRs: Infosys, ICICI Bank gain; HDFC Bank, Tata Motors, Dr Reddy#39;s Labs fall https://t.co/I0mjOHUHyG ht…",02:15:00,04:15:00,432.0,432.1,431.05,431.5,71849.0
269,2017-11-11 04:14:09,neutral,"RT @arrpitta: #latestnews Indian ADRs: Infosys, ICICI Bank gain; HDFC Bank, Tata Motors, Dr Reddy#39;s Labs fall https://t.co/I0mjOHUHyG ht…",02:15:00,04:15:00,437.35,437.8,436.6,436.9,136942.0
270,2017-11-11 04:14:09,neutral,"RT @arrpitta: #latestnews Indian ADRs: Infosys, ICICI Bank gain; HDFC Bank, Tata Motors, Dr Reddy#39;s Labs fall https://t.co/I0mjOHUHyG ht…",02:15:00,04:15:00,452.8,456.2,452.8,455.95,424077.0
271,2017-11-11 04:14:09,neutral,"RT @arrpitta: #latestnews Indian ADRs: Infosys, ICICI Bank gain; HDFC Bank, Tata Motors, Dr Reddy#39;s Labs fall https://t.co/I0mjOHUHyG ht…",02:15:00,04:15:00,462.65,462.9,459.15,459.3,227707.0
272,2017-11-11 04:14:09,neutral,"RT @arrpitta: #latestnews Indian ADRs: Infosys, ICICI Bank gain; HDFC Bank, Tata Motors, Dr Reddy#39;s Labs fall https://t.co/I0mjOHUHyG ht…",02:15:00,04:15:00,447.75,449.45,447.05,447.25,151493.0
273,2017-11-11 04:14:09,neutral,"RT @arrpitta: #latestnews Indian ADRs: Infosys, ICICI Bank gain; HDFC Bank, Tata Motors, Dr Reddy#39;s Labs fall https://t.co/I0mjOHUHyG ht…",02:15:00,04:15:00,438.5,443.0,437.65,441.35,745373.0
274,2017-11-11 04:14:09,neutral,"RT @arrpitta: #latestnews Indian ADRs: Infosys, ICICI Bank gain; HDFC Bank, Tata Motors, Dr Reddy#39;s Labs fall https://t.co/I0mjOHUHyG ht…",02:15:00,04:15:00,421.65,422.75,421.25,422.45,507661.0
275,2017-11-11 04:13:54,neutral,"RT @LatestNewzIndia: Indian ADRs: Infosys, ICICI Bank gain; HDFC Bank, Tata Motors, Dr Reddy#39;s Labs fall https://t.co/EDhu6pGWnb #news #…",02:15:00,04:15:00,437.75,440.0,437.0,438.65,568435.0
276,2017-11-11 04:13:54,neutral,"RT @LatestNewzIndia: Indian ADRs: Infosys, ICICI Bank gain; HDFC Bank, Tata Motors, Dr Reddy#39;s Labs fall https://t.co/EDhu6pGWnb #news #…",02:15:00,04:15:00,431.7,431.95,430.75,430.85,134165.0
277,2017-11-11 04:13:54,neutral,"RT @LatestNewzIndia: Indian ADRs: Infosys, ICICI Bank gain; HDFC Bank, Tata Motors, Dr Reddy#39;s Labs fall https://t.co/EDhu6pGWnb #news #…",02:15:00,04:15:00,433.0,434.5,432.6,433.75,266123.0
278,2017-11-11 04:13:54,neutral,"RT @LatestNewzIndia: Indian ADRs: Infosys, ICICI Bank gain; HDFC Bank, Tata Motors, Dr Reddy#39;s Labs fall https://t.co/EDhu6pGWnb #news #…",02:15:00,04:15:00,432.0,432.1,431.05,431.5,71849.0
279,2017-11-11 04:13:54,neutral,"RT @LatestNewzIndia: Indian ADRs: Infosys, ICICI Bank gain; HDFC Bank, Tata Motors, Dr Reddy#39;s Labs fall https://t.co/EDhu6pGWnb #news #…",02:15:00,04:15:00,437.35,437.8,436.6,436.9,136942.0
280,2017-11-11 04:13:54,neutral,"RT @LatestNewzIndia: Indian ADRs: Infosys, ICICI Bank gain; HDFC Bank, Tata Motors, Dr Reddy#39;s Labs fall https://t.co/EDhu6pGWnb #news #…",02:15:00,04:15:00,452.8,456.2,452.8,455.95,424077.0
281,2017-11-11 04:13:54,neutral,"RT @LatestNewzIndia: Indian ADRs: Infosys, ICICI Bank gain; HDFC Bank, Tata Motors, Dr Reddy#39;s Labs fall https://t.co/EDhu6pGWnb #news #…",02:15:00,04:15:00,462.65,462.9,459.15,459.3,227707.0
282,2017-11-11 04:13:54,neutral,"RT @LatestNewzIndia: Indian ADRs: Infosys, ICICI Bank gain; HDFC Bank, Tata Motors, Dr Reddy#39;s Labs fall https://t.co/EDhu6pGWnb #news #…",02:15:00,04:15:00,447.75,449.45,447.05,447.25,151493.0
283,2017-11-11 04:13:54,neutral,"RT @LatestNewzIndia: Indian ADRs: Infosys, ICICI Bank gain; HDFC Bank, Tata Motors, Dr Reddy#39;s Labs fall https://t.co/EDhu6pGWnb #news #…",02:15:00,04:15:00,438.5,443.0,437.65,441.35,745373.0
284,2017-11-11 04:13:54,neutral,"RT @LatestNewzIndia: Indian ADRs: Infosys, ICICI Bank gain; HDFC Bank, Tata Motors, Dr Reddy#39;s Labs fall https://t.co/EDhu6pGWnb #news #…",02:15:00,04:15:00,421.65,422.75,421.25,422.45,507661.0
285,2017-11-11 04:12:17,positive,"New post (Indian ADRs: Infosys, ICICI Bank gain; HDFC Bank, Tata Motors, Dr ...) has been published on News ... - https://t.co/mnJ31nPnab",02:15:00,04:15:00,437.75,440.0,437.0,438.65,568435.0
286,2017-11-11 04:12:17,positive,"New post (Indian ADRs: Infosys, ICICI Bank gain; HDFC Bank, Tata Motors, Dr ...) has been published on News ... - https://t.co/mnJ31nPnab",02:15:00,04:15:00,431.7,431.95,430.75,430.85,134165.0
287,2017-11-11 04:12:17,positive,"New post (Indian ADRs: Infosys, ICICI Bank gain; HDFC Bank, Tata Motors, Dr ...) has been published on News ... - https://t.co/mnJ31nPnab",02:15:00,04:15:00,433.0,434.5,432.6,433.75,266123.0
288,2017-11-11 04:12:17,positive,"New post (Indian ADRs: Infosys, ICICI Bank gain; HDFC Bank, Tata Motors, Dr ...) has been published on News ... - https://t.co/mnJ31nPnab",02:15:00,04:15:00,432.0,432.1,431.05,431.5,71849.0
289,2017-11-11 04:12:17,positive,"New post (Indian ADRs: Infosys, ICICI Bank gain; HDFC Bank, Tata Motors, Dr ...) has been published on News ... - https://t.co/mnJ31nPnab",02:15:00,04:15:00,437.35,437.8,436.6,436.9,136942.0
290,2017-11-11 04:12:17,positive,"New post (Indian ADRs: Infosys, ICICI Bank gain; HDFC Bank, Tata Motors, Dr ...) has been published on News ... - https://t.co/mnJ31nPnab",02:15:00,04:15:00,452.8,456.2,452.8,455.95,424077.0
291,2017-11-11 04:12:17,positive,"New post (Indian ADRs: Infosys, ICICI Bank gain; HDFC Bank, Tata Motors, Dr ...) has been published on News ... - https://t.co/mnJ31nPnab",02:15:00,04:15:00,462.65,462.9,459.15,459.3,227707.0
292,2017-11-11 04:12:17,positive,"New post (Indian ADRs: Infosys, ICICI Bank gain; HDFC Bank, Tata Motors, Dr ...) has been published on News ... - https://t.co/mnJ31nPnab",02:15:00,04:15:00,447.75,449.45,447.05,447.25,151493.0
293,2017-11-11 04:12:17,positive,"New post (Indian ADRs: Infosys, ICICI Bank gain; HDFC Bank, Tata Motors, Dr ...) has been published on News ... - https://t.co/mnJ31nPnab",02:15:00,04:15:00,438.5,443.0,437.65,441.35,745373.0
294,2017-11-11 04:12:17,positive,"New post (Indian ADRs: Infosys, ICICI Bank gain; HDFC Bank, Tata Motors, Dr ...) has been published on News ... - https://t.co/mnJ31nPnab",02:15:00,04:15:00,421.65,422.75,421.25,422.45,507661.0
295,2017-11-11 04:12:07,neutral,"#latestnews Indian ADRs: Infosys, ICICI Bank gain; HDFC Bank, Tata Motors, Dr Reddy#39;s Labs fall… https://t.co/pra5731P9G",02:15:00,04:15:00,437.75,440.0,437.0,438.65,568435.0
296,2017-11-11 04:12:07,neutral,"#latestnews Indian ADRs: Infosys, ICICI Bank gain; HDFC Bank, Tata Motors, Dr Reddy#39;s Labs fall… https://t.co/pra5731P9G",02:15:00,04:15:00,431.7,431.95,430.75,430.85,134165.0
297,2017-11-11 04:12:07,neutral,"#latestnews Indian ADRs: Infosys, ICICI Bank gain; HDFC Bank, Tata Motors, Dr Reddy#39;s Labs fall… https://t.co/pra5731P9G",02:15:00,04:15:00,433.0,434.5,432.6,433.75,266123.0
298,2017-11-11 04:12:07,neutral,"#latestnews Indian ADRs: Infosys, ICICI Bank gain; HDFC Bank, Tata Motors, Dr Reddy#39;s Labs fall… https://t.co/pra5731P9G",02:15:00,04:15:00,432.0,432.1,431.05,431.5,71849.0
299,2017-11-11 04:12:07,neutral,"#latestnews Indian ADRs: Infosys, ICICI Bank gain; HDFC Bank, Tata Motors, Dr Reddy#39;s Labs fall… https://t.co/pra5731P9G",02:15:00,04:15:00,437.35,437.8,436.6,436.9,136942.0
300,2017-11-11 04:12:07,neutral,"#latestnews Indian ADRs: Infosys, ICICI Bank gain; HDFC Bank, Tata Motors, Dr Reddy#39;s Labs fall… https://t.co/pra5731P9G",02:15:00,04:15:00,452.8,456.2,452.8,455.95,424077.0
301,2017-11-11 04:12:07,neutral,"#latestnews Indian ADRs: Infosys, ICICI Bank gain; HDFC Bank, Tata Motors, Dr Reddy#39;s Labs fall… https://t.co/pra5731P9G",02:15:00,04:15:00,462.65,462.9,459.15,459.3,227707.0
302,2017-11-11 04:12:07,neutral,"#latestnews Indian ADRs: Infosys, ICICI Bank gain; HDFC Bank, Tata Motors, Dr Reddy#39;s Labs fall… https://t.co/pra5731P9G",02:15:00,04:15:00,447.75,449.45,447.05,447.25,151493.0
303,2017-11-11 04:12:07,neutral,"#latestnews Indian ADRs: Infosys, ICICI Bank gain; HDFC Bank, Tata Motors, Dr Reddy#39;s Labs fall… https://t.co/pra5731P9G",02:15:00,04:15:00,438.5,443.0,437.65,441.35,745373.0
304,2017-11-11 04:12:07,neutral,"#latestnews Indian ADRs: Infosys, ICICI Bank gain; HDFC Bank, Tata Motors, Dr Reddy#39;s Labs fall… https://t.co/pra5731P9G",02:15:00,04:15:00,421.65,422.75,421.25,422.45,507661.0
305,2017-11-11 04:05:03,neutral,"Indian ADRs: Infosys, ICICI Bank gain; HDFC Bank, Tata Motors, Dr Reddy#39;s Labs fall https://t.co/EDhu6pGWnb #news #india #stock",02:15:00,04:15:00,437.75,440.0,437.0,438.65,568435.0
306,2017-11-11 04:05:03,neutral,"Indian ADRs: Infosys, ICICI Bank gain; HDFC Bank, Tata Motors, Dr Reddy#39;s Labs fall https://t.co/EDhu6pGWnb #news #india #stock",02:15:00,04:15:00,431.7,431.95,430.75,430.85,134165.0
307,2017-11-11 04:05:03,neutral,"Indian ADRs: Infosys, ICICI Bank gain; HDFC Bank, Tata Motors, Dr Reddy#39;s Labs fall https://t.co/EDhu6pGWnb #news #india #stock",02:15:00,04:15:00,433.0,434.5,432.6,433.75,266123.0
308,2017-11-11 04:05:03,neutral,"Indian ADRs: Infosys, ICICI Bank gain; HDFC Bank, Tata Motors, Dr Reddy#39;s Labs fall https://t.co/EDhu6pGWnb #news #india #stock",02:15:00,04:15:00,432.0,432.1,431.05,431.5,71849.0
309,2017-11-11 04:05:03,neutral,"Indian ADRs: Infosys, ICICI Bank gain; HDFC Bank, Tata Motors, Dr Reddy#39;s Labs fall https://t.co/EDhu6pGWnb #news #india #stock",02:15:00,04:15:00,437.35,437.8,436.6,436.9,136942.0
310,2017-11-11 04:05:03,neutral,"Indian ADRs: Infosys, ICICI Bank gain; HDFC Bank, Tata Motors, Dr Reddy#39;s Labs fall https://t.co/EDhu6pGWnb #news #india #stock",02:15:00,04:15:00,452.8,456.2,452.8,455.95,424077.0
311,2017-11-11 04:05:03,neutral,"Indian ADRs: Infosys, ICICI Bank gain; HDFC Bank, Tata Motors, Dr Reddy#39;s Labs fall https://t.co/EDhu6pGWnb #news #india #stock",02:15:00,04:15:00,462.65,462.9,459.15,459.3,227707.0
312,2017-11-11 04:05:03,neutral,"Indian ADRs: Infosys, ICICI Bank gain; HDFC Bank, Tata Motors, Dr Reddy#39;s Labs fall https://t.co/EDhu6pGWnb #news #india #stock",02:15:00,04:15:00,447.75,449.45,447.05,447.25,151493.0
313,2017-11-11 04:05:03,neutral,"Indian ADRs: Infosys, ICICI Bank gain; HDFC Bank, Tata Motors, Dr Reddy#39;s Labs fall https://t.co/EDhu6pGWnb #news #india #stock",02:15:00,04:15:00,438.5,443.0,437.65,441.35,745373.0
314,2017-11-11 04:05:03,neutral,"Indian ADRs: Infosys, ICICI Bank gain; HDFC Bank, Tata Motors, Dr Reddy#39;s Labs fall https://t.co/EDhu6pGWnb #news #india #stock",02:15:00,04:15:00,421.65,422.75,421.25,422.45,507661.0
315,2017-11-11 04:04:04,neutral,"Indian ADRs: Infosys, ICICI Bank gain; HDFC Bank, Tata Motors, Dr Reddy#39;s Labs fall:  In the banking sp https://t.co/6V2K1GLvNG",02:15:00,04:15:00,437.75,440.0,437.0,438.65,568435.0
316,2017-11-11 04:04:04,neutral,"Indian ADRs: Infosys, ICICI Bank gain; HDFC Bank, Tata Motors, Dr Reddy#39;s Labs fall:  In the banking sp https://t.co/6V2K1GLvNG",02:15:00,04:15:00,431.7,431.95,430.75,430.85,134165.0
317,2017-11-11 04:04:04,neutral,"Indian ADRs: Infosys, ICICI Bank gain; HDFC Bank, Tata Motors, Dr Reddy#39;s Labs fall:  In the banking sp https://t.co/6V2K1GLvNG",02:15:00,04:15:00,433.0,434.5,432.6,433.75,266123.0
318,2017-11-11 04:04:04,neutral,"Indian ADRs: Infosys, ICICI Bank gain; HDFC Bank, Tata Motors, Dr Reddy#39;s Labs fall:  In the banking sp https://t.co/6V2K1GLvNG",02:15:00,04:15:00,432.0,432.1,431.05,431.5,71849.0
319,2017-11-11 04:04:04,neutral,"Indian ADRs: Infosys, ICICI Bank gain; HDFC Bank, Tata Motors, Dr Reddy#39;s Labs fall:  In the banking sp https://t.co/6V2K1GLvNG",02:15:00,04:15:00,437.35,437.8,436.6,436.9,136942.0
320,2017-11-11 04:04:04,neutral,"Indian ADRs: Infosys, ICICI Bank gain; HDFC Bank, Tata Motors, Dr Reddy#39;s Labs fall:  In the banking sp https://t.co/6V2K1GLvNG",02:15:00,04:15:00,452.8,456.2,452.8,455.95,424077.0
321,2017-11-11 04:04:04,neutral,"Indian ADRs: Infosys, ICICI Bank gain; HDFC Bank, Tata Motors, Dr Reddy#39;s Labs fall:  In the banking sp https://t.co/6V2K1GLvNG",02:15:00,04:15:00,462.65,462.9,459.15,459.3,227707.0
322,2017-11-11 04:04:04,neutral,"Indian ADRs: Infosys, ICICI Bank gain; HDFC Bank, Tata Motors, Dr Reddy#39;s Labs fall:  In the banking sp https://t.co/6V2K1GLvNG",02:15:00,04:15:00,447.75,449.45,447.05,447.25,151493.0
323,2017-11-11 04:04:04,neutral,"Indian ADRs: Infosys, ICICI Bank gain; HDFC Bank, Tata Motors, Dr Reddy#39;s Labs fall:  In the banking sp https://t.co/6V2K1GLvNG",02:15:00,04:15:00,438.5,443.0,437.65,441.35,745373.0
324,2017-11-11 04:04:04,neutral,"Indian ADRs: Infosys, ICICI Bank gain; HDFC Bank, Tata Motors, Dr Reddy#39;s Labs fall:  In the banking sp https://t.co/6V2K1GLvNG",02:15:00,04:15:00,421.65,422.75,421.25,422.45,507661.0
325,2017-11-11 03:53:08,neutral,"RT @BPCLRETAILGKPR: Driver training at Gonda depot in association with TATA Motors on safety, maintenance &amp; insurance @RamanMalik02 @Peetha…",02:00:00,04:00:00,435.45,438.0,435.0,437.7,352431.0
326,2017-11-11 03:53:08,neutral,"RT @BPCLRETAILGKPR: Driver training at Gonda depot in association with TATA Motors on safety, maintenance &amp; insurance @RamanMalik02 @Peetha…",02:00:00,04:00:00,431.9,432.0,430.55,431.6,175705.0
327,2017-11-11 03:53:08,neutral,"RT @BPCLRETAILGKPR: Driver training at Gonda depot in association with TATA Motors on safety, maintenance &amp; insurance @RamanMalik02 @Peetha…",02:00:00,04:00:00,430.8,433.0,430.8,433.0,183665.0
328,2017-11-11 03:53:08,neutral,"RT @BPCLRETAILGKPR: Driver training at Gonda depot in association with TATA Motors on safety, maintenance &amp; insurance @RamanMalik02 @Peetha…",02:00:00,04:00:00,432.2,432.25,431.95,432.0,115258.0
329,2017-11-11 03:53:08,neutral,"RT @BPCLRETAILGKPR: Driver training at Gonda depot in association with TATA Motors on safety, maintenance &amp; insurance @RamanMalik02 @Peetha…",02:00:00,04:00:00,437.85,438.3,437.2,437.4,122660.0
330,2017-11-11 03:53:08,neutral,"RT @BPCLRETAILGKPR: Driver training at Gonda depot in association with TATA Motors on safety, maintenance &amp; insurance @RamanMalik02 @Peetha…",02:00:00,04:00:00,451.45,452.8,451.25,452.8,235638.0
331,2017-11-11 03:53:08,neutral,"RT @BPCLRETAILGKPR: Driver training at Gonda depot in association with TATA Motors on safety, maintenance &amp; insurance @RamanMalik02 @Peetha…",02:00:00,04:00:00,461.55,463.8,461.35,462.8,279386.0
332,2017-11-11 03:53:08,neutral,"RT @BPCLRETAILGKPR: Driver training at Gonda depot in association with TATA Motors on safety, maintenance &amp; insurance @RamanMalik02 @Peetha…",02:00:00,04:00:00,449.2,449.5,447.05,447.75,198688.0
333,2017-11-11 03:53:08,neutral,"RT @BPCLRETAILGKPR: Driver training at Gonda depot in association with TATA Motors on safety, maintenance &amp; insurance @RamanMalik02 @Peetha…",02:00:00,04:00:00,439.1,439.55,436.0,438.45,740720.0
334,2017-11-11 03:53:08,neutral,"RT @BPCLRETAILGKPR: Driver training at Gonda depot in association with TATA Motors on safety, maintenance &amp; insurance @RamanMalik02 @Peetha…",02:00:00,04:00:00,422.25,422.5,420.6,421.85,936305.0
335,2017-11-11 03:51:54,neutral,RT @Sootradhar: @SwarajyaMag Dear @Dev_Fadnavis Remember how Narendra Modi brought Tata Motors to Gujarat from WB? This is your moment http…,02:00:00,04:00:00,435.45,438.0,435.0,437.7,352431.0
336,2017-11-11 03:51:54,neutral,RT @Sootradhar: @SwarajyaMag Dear @Dev_Fadnavis Remember how Narendra Modi brought Tata Motors to Gujarat from WB? This is your moment http…,02:00:00,04:00:00,431.9,432.0,430.55,431.6,175705.0
337,2017-11-11 03:51:54,neutral,RT @Sootradhar: @SwarajyaMag Dear @Dev_Fadnavis Remember how Narendra Modi brought Tata Motors to Gujarat from WB? This is your moment http…,02:00:00,04:00:00,430.8,433.0,430.8,433.0,183665.0
338,2017-11-11 03:51:54,neutral,RT @Sootradhar: @SwarajyaMag Dear @Dev_Fadnavis Remember how Narendra Modi brought Tata Motors to Gujarat from WB? This is your moment http…,02:00:00,04:00:00,432.2,432.25,431.95,432.0,115258.0
339,2017-11-11 03:51:54,neutral,RT @Sootradhar: @SwarajyaMag Dear @Dev_Fadnavis Remember how Narendra Modi brought Tata Motors to Gujarat from WB? This is your moment http…,02:00:00,04:00:00,437.85,438.3,437.2,437.4,122660.0
340,2017-11-11 03:51:54,neutral,RT @Sootradhar: @SwarajyaMag Dear @Dev_Fadnavis Remember how Narendra Modi brought Tata Motors to Gujarat from WB? This is your moment http…,02:00:00,04:00:00,451.45,452.8,451.25,452.8,235638.0
341,2017-11-11 03:51:54,neutral,RT @Sootradhar: @SwarajyaMag Dear @Dev_Fadnavis Remember how Narendra Modi brought Tata Motors to Gujarat from WB? This is your moment http…,02:00:00,04:00:00,461.55,463.8,461.35,462.8,279386.0
342,2017-11-11 03:51:54,neutral,RT @Sootradhar: @SwarajyaMag Dear @Dev_Fadnavis Remember how Narendra Modi brought Tata Motors to Gujarat from WB? This is your moment http…,02:00:00,04:00:00,449.2,449.5,447.05,447.75,198688.0
343,2017-11-11 03:51:54,neutral,RT @Sootradhar: @SwarajyaMag Dear @Dev_Fadnavis Remember how Narendra Modi brought Tata Motors to Gujarat from WB? This is your moment http…,02:00:00,04:00:00,439.1,439.55,436.0,438.45,740720.0
344,2017-11-11 03:51:54,neutral,RT @Sootradhar: @SwarajyaMag Dear @Dev_Fadnavis Remember how Narendra Modi brought Tata Motors to Gujarat from WB? This is your moment http…,02:00:00,04:00:00,422.25,422.5,420.6,421.85,936305.0
345,2017-11-11 03:45:00,neutral,This upcoming Children’s Day dive into your #TruckLoadsOfMemories with Tata Motors commercial vehicles and stand a… https://t.co/DTUeE6wWNG,01:45:00,03:45:00,435.65,435.7,434.55,435.4,134641.0
346,2017-11-11 03:45:00,neutral,This upcoming Children’s Day dive into your #TruckLoadsOfMemories with Tata Motors commercial vehicles and stand a… https://t.co/DTUeE6wWNG,01:45:00,03:45:00,430.7,432.05,430.2,431.9,192624.0
347,2017-11-11 03:45:00,neutral,This upcoming Children’s Day dive into your #TruckLoadsOfMemories with Tata Motors commercial vehicles and stand a… https://t.co/DTUeE6wWNG,01:45:00,03:45:00,429.45,431.2,429.25,431.0,133670.0
348,2017-11-11 03:45:00,neutral,This upcoming Children’s Day dive into your #TruckLoadsOfMemories with Tata Motors commercial vehicles and stand a… https://t.co/DTUeE6wWNG,01:45:00,03:45:00,431.15,432.4,431.0,432.05,154868.0
349,2017-11-11 03:45:00,neutral,This upcoming Children’s Day dive into your #TruckLoadsOfMemories with Tata Motors commercial vehicles and stand a… https://t.co/DTUeE6wWNG,01:45:00,03:45:00,435.15,439.0,435.1,437.7,303185.0
350,2017-11-11 03:45:00,neutral,This upcoming Children’s Day dive into your #TruckLoadsOfMemories with Tata Motors commercial vehicles and stand a… https://t.co/DTUeE6wWNG,01:45:00,03:45:00,454.7,454.9,451.4,451.4,549017.0
351,2017-11-11 03:45:00,neutral,This upcoming Children’s Day dive into your #TruckLoadsOfMemories with Tata Motors commercial vehicles and stand a… https://t.co/DTUeE6wWNG,01:45:00,03:45:00,460.05,462.0,459.8,461.75,178263.0
352,2017-11-11 03:45:00,neutral,This upcoming Children’s Day dive into your #TruckLoadsOfMemories with Tata Motors commercial vehicles and stand a… https://t.co/DTUeE6wWNG,01:45:00,03:45:00,450.25,450.4,449.0,449.15,252858.0
353,2017-11-11 03:45:00,neutral,This upcoming Children’s Day dive into your #TruckLoadsOfMemories with Tata Motors commercial vehicles and stand a… https://t.co/DTUeE6wWNG,01:45:00,03:45:00,439.6,440.5,438.5,439.0,462049.0
354,2017-11-11 03:45:00,neutral,This upcoming Children’s Day dive into your #TruckLoadsOfMemories with Tata Motors commercial vehicles and stand a… https://t.co/DTUeE6wWNG,01:45:00,03:45:00,424.1,424.6,420.1,422.45,1371137.0
355,2017-11-11 03:24:26,neutral,https://t.co/Q3JVTTVRXu via @qzindia,01:30:00,03:30:00,435.0,436.25,434.5,435.65,300007.0
356,2017-11-11 03:24:26,neutral,https://t.co/Q3JVTTVRXu via @qzindia,01:30:00,03:30:00,430.1,430.95,430.0,430.8,181732.0
357,2017-11-11 03:24:26,neutral,https://t.co/Q3JVTTVRXu via @qzindia,01:30:00,03:30:00,431.25,431.6,429.2,429.2,281311.0
358,2017-11-11 03:24:26,neutral,https://t.co/Q3JVTTVRXu via @qzindia,01:30:00,03:30:00,431.0,431.4,430.6,431.25,255195.0
359,2017-11-11 03:24:26,neutral,https://t.co/Q3JVTTVRXu via @qzindia,01:30:00,03:30:00,436.0,436.2,435.0,435.15,70169.0
360,2017-11-11 03:24:26,neutral,https://t.co/Q3JVTTVRXu via @qzindia,01:30:00,03:30:00,454.5,455.25,453.7,454.7,223800.0
361,2017-11-11 03:24:26,neutral,https://t.co/Q3JVTTVRXu via @qzindia,01:30:00,03:30:00,460.8,461.35,460.0,460.0,140235.0
362,2017-11-11 03:24:26,neutral,https://t.co/Q3JVTTVRXu via @qzindia,01:30:00,03:30:00,449.65,450.9,448.3,450.25,202861.0
363,2017-11-11 03:24:26,neutral,https://t.co/Q3JVTTVRXu via @qzindia,01:30:00,03:30:00,439.85,440.7,438.25,439.6,746168.0
364,2017-11-11 03:24:26,neutral,https://t.co/Q3JVTTVRXu via @qzindia,01:30:00,03:30:00,427.0,427.2,423.8,424.3,1511094.0
365,2017-11-11 03:08:24,neutral,RT @anandchokshi19: Supplier of auto components to Tata Motors https://t.co/NRPY9Dyn2r,01:15:00,03:15:00,435.4,436.25,435.0,435.1,210408.0
366,2017-11-11 03:08:24,neutral,RT @anandchokshi19: Supplier of auto components to Tata Motors https://t.co/NRPY9Dyn2r,01:15:00,03:15:00,429.75,430.5,429.2,430.0,183514.0
367,2017-11-11 03:08:24,neutral,RT @anandchokshi19: Supplier of auto components to Tata Motors https://t.co/NRPY9Dyn2r,01:15:00,03:15:00,431.2,431.65,431.0,431.3,71994.0
368,2017-11-11 03:08:24,neutral,RT @anandchokshi19: Supplier of auto components to Tata Motors https://t.co/NRPY9Dyn2r,01:15:00,03:15:00,432.05,432.3,431.0,431.0,1522477.0
369,2017-11-11 03:08:24,neutral,RT @anandchokshi19: Supplier of auto components to Tata Motors https://t.co/NRPY9Dyn2r,01:15:00,03:15:00,435.3,436.25,435.15,435.7,114883.0
370,2017-11-11 03:08:24,neutral,RT @anandchokshi19: Supplier of auto components to Tata Motors https://t.co/NRPY9Dyn2r,01:15:00,03:15:00,454.95,455.0,453.05,454.5,266949.0
371,2017-11-11 03:08:24,neutral,RT @anandchokshi19: Supplier of auto components to Tata Motors https://t.co/NRPY9Dyn2r,01:15:00,03:15:00,460.15,462.15,460.0,460.8,215226.0
372,2017-11-11 03:08:24,neutral,RT @anandchokshi19: Supplier of auto components to Tata Motors https://t.co/NRPY9Dyn2r,01:15:00,03:15:00,450.05,451.0,448.95,449.6,179594.0
373,2017-11-11 03:08:24,neutral,RT @anandchokshi19: Supplier of auto components to Tata Motors https://t.co/NRPY9Dyn2r,01:15:00,03:15:00,440.7,440.95,439.15,439.85,501001.0
374,2017-11-11 03:08:24,neutral,RT @anandchokshi19: Supplier of auto components to Tata Motors https://t.co/NRPY9Dyn2r,01:15:00,03:15:00,428.3,428.85,426.5,427.05,676627.0
375,2017-11-11 02:30:22,neutral,RT @bharat_bagrecha: BOBCAPS Research on Tata Motors (BUY): Positives stack up - initiate with BUY &amp; Target of Rs550 (Upside 25%) https://t…,00:45:00,02:45:00,434.1,436.5,433.95,435.4,385224.0
376,2017-11-11 02:30:22,neutral,RT @bharat_bagrecha: BOBCAPS Research on Tata Motors (BUY): Positives stack up - initiate with BUY &amp; Target of Rs550 (Upside 25%) https://t…,00:45:00,02:45:00,431.05,431.1,429.6,430.05,344294.0
377,2017-11-11 02:30:22,neutral,RT @bharat_bagrecha: BOBCAPS Research on Tata Motors (BUY): Positives stack up - initiate with BUY &amp; Target of Rs550 (Upside 25%) https://t…,00:45:00,02:45:00,431.6,432.45,431.0,432.4,120840.0
378,2017-11-11 02:30:22,neutral,RT @bharat_bagrecha: BOBCAPS Research on Tata Motors (BUY): Positives stack up - initiate with BUY &amp; Target of Rs550 (Upside 25%) https://t…,00:45:00,02:45:00,432.9,433.0,431.55,431.6,125327.0
379,2017-11-11 02:30:22,neutral,RT @bharat_bagrecha: BOBCAPS Research on Tata Motors (BUY): Positives stack up - initiate with BUY &amp; Target of Rs550 (Upside 25%) https://t…,00:45:00,02:45:00,434.95,435.5,432.7,435.4,257920.0
380,2017-11-11 02:30:22,neutral,RT @bharat_bagrecha: BOBCAPS Research on Tata Motors (BUY): Positives stack up - initiate with BUY &amp; Target of Rs550 (Upside 25%) https://t…,00:45:00,02:45:00,455.7,456.5,455.05,455.8,498509.0
381,2017-11-11 02:30:22,neutral,RT @bharat_bagrecha: BOBCAPS Research on Tata Motors (BUY): Positives stack up - initiate with BUY &amp; Target of Rs550 (Upside 25%) https://t…,00:45:00,02:45:00,460.75,464.7,460.75,462.9,643546.0
382,2017-11-11 02:30:22,neutral,RT @bharat_bagrecha: BOBCAPS Research on Tata Motors (BUY): Positives stack up - initiate with BUY &amp; Target of Rs550 (Upside 25%) https://t…,00:45:00,02:45:00,449.1,450.2,446.3,447.65,242305.0
383,2017-11-11 02:30:22,neutral,RT @bharat_bagrecha: BOBCAPS Research on Tata Motors (BUY): Positives stack up - initiate with BUY &amp; Target of Rs550 (Upside 25%) https://t…,00:45:00,02:45:00,442.9,443.15,438.65,440.65,1303624.0
384,2017-11-11 02:30:22,neutral,RT @bharat_bagrecha: BOBCAPS Research on Tata Motors (BUY): Positives stack up - initiate with BUY &amp; Target of Rs550 (Upside 25%) https://t…,00:45:00,02:45:00,430.15,430.25,428.1,428.9,537730.0
385,2017-11-11 02:14:09,positive,@ButterMyButts they’ve always been poop tier reliability but even more so since India’s Tata motors bought them out lmfao yuck,00:15:00,02:15:00,434.85,434.9,431.4,432.1,411689.0
386,2017-11-11 02:14:09,positive,@ButterMyButts they’ve always been poop tier reliability but even more so since India’s Tata motors bought them out lmfao yuck,00:15:00,02:15:00,433.5,433.55,431.0,432.75,350302.0
387,2017-11-11 02:14:09,positive,@ButterMyButts they’ve always been poop tier reliability but even more so since India’s Tata motors bought them out lmfao yuck,00:15:00,02:15:00,432.65,433.15,430.85,431.15,192253.0
388,2017-11-11 02:14:09,positive,@ButterMyButts they’ve always been poop tier reliability but even more so since India’s Tata motors bought them out lmfao yuck,00:15:00,02:15:00,431.8,433.2,431.25,431.85,293540.0
389,2017-11-11 02:14:09,positive,@ButterMyButts they’ve always been poop tier reliability but even more so since India’s Tata motors bought them out lmfao yuck,00:15:00,02:15:00,438.05,438.25,433.65,433.9,307534.0
390,2017-11-11 02:14:09,positive,@ButterMyButts they’ve always been poop tier reliability but even more so since India’s Tata motors bought them out lmfao yuck,00:15:00,02:15:00,456.2,457.3,454.45,454.9,561028.0
391,2017-11-11 02:14:09,positive,@ButterMyButts they’ve always been poop tier reliability but even more so since India’s Tata motors bought them out lmfao yuck,00:15:00,02:15:00,457.6,460.8,457.05,459.35,465826.0
392,2017-11-11 02:14:09,positive,@ButterMyButts they’ve always been poop tier reliability but even more so since India’s Tata motors bought them out lmfao yuck,00:15:00,02:15:00,450.3,450.85,448.9,449.7,240024.0
393,2017-11-11 02:14:09,positive,@ButterMyButts they’ve always been poop tier reliability but even more so since India’s Tata motors bought them out lmfao yuck,00:15:00,02:15:00,444.1,444.9,443.0,444.3,477866.0
394,2017-11-11 02:14:09,positive,@ButterMyButts they’ve always been poop tier reliability but even more so since India’s Tata motors bought them out lmfao yuck,00:15:00,02:15:00,430.6,431.6,429.85,430.3,496334.0
395,2017-11-11 01:28:32,neutral,"RT @jxbkyqeumznisj1: modi style governance""Edu loan int rate 13% bt for industrialist-0.1%"" Nano plant:Gujarat govt loan to Tata Motors -",23:30:00,01:30:00,445.55,445.95,443.55,444.4,321829.0
396,2017-11-11 01:28:32,neutral,"RT @jxbkyqeumznisj1: modi style governance""Edu loan int rate 13% bt for industrialist-0.1%"" Nano plant:Gujarat govt loan to Tata Motors -",23:30:00,01:30:00,460.45,465.8,459.15,459.25,1315503.0
397,2017-11-11 01:28:32,neutral,"RT @jxbkyqeumznisj1: modi style governance""Edu loan int rate 13% bt for industrialist-0.1%"" Nano plant:Gujarat govt loan to Tata Motors -",23:30:00,01:30:00,453.0,454.95,451.35,452.3,743166.0
398,2017-11-11 01:28:32,neutral,"RT @jxbkyqeumznisj1: modi style governance""Edu loan int rate 13% bt for industrialist-0.1%"" Nano plant:Gujarat govt loan to Tata Motors -",23:30:00,01:30:00,444.5,447.95,444.3,445.9,1115503.0
399,2017-11-11 01:28:32,neutral,"RT @jxbkyqeumznisj1: modi style governance""Edu loan int rate 13% bt for industrialist-0.1%"" Nano plant:Gujarat govt loan to Tata Motors -",23:30:00,01:30:00,433.65,433.75,428.45,429.3,1197535.0
400,2017-11-11 01:02:09,positive,"Dalam keadaan genting 'Tata super Ace Ambulance', ambulan deluxe termurah dengan mesin diesel 1400cc dapat... https://t.co/JjGb31Y2pW",23:15:00,01:15:00,446.25,446.75,445.3,445.5,311909.0
401,2017-11-11 01:02:09,positive,"Dalam keadaan genting 'Tata super Ace Ambulance', ambulan deluxe termurah dengan mesin diesel 1400cc dapat... https://t.co/JjGb31Y2pW",23:15:00,01:15:00,456.75,460.9,455.2,460.45,988874.0
402,2017-11-11 01:02:09,positive,"Dalam keadaan genting 'Tata super Ace Ambulance', ambulan deluxe termurah dengan mesin diesel 1400cc dapat... https://t.co/JjGb31Y2pW",23:15:00,01:15:00,449.0,453.8,446.6,452.9,682285.0
403,2017-11-11 01:02:09,positive,"Dalam keadaan genting 'Tata super Ace Ambulance', ambulan deluxe termurah dengan mesin diesel 1400cc dapat... https://t.co/JjGb31Y2pW",23:15:00,01:15:00,448.0,449.5,443.0,444.5,1840156.0
404,2017-11-11 01:02:09,positive,"Dalam keadaan genting 'Tata super Ace Ambulance', ambulan deluxe termurah dengan mesin diesel 1400cc dapat... https://t.co/JjGb31Y2pW",23:15:00,01:15:00,432.3,434.3,430.6,433.75,906102.0
